pedido_id,produto_id,quantidade,preco_unitario,subtotal
57344,96902,2,579.84,1159.68
18278,22240,5,829.82,4149.1
18278,22906,1,480.13,480.13
83311,69918,5,143.07,715.35
59036,50525,4,277.3,1109.2
59036,22906,2,480.13,960.26
59036,2743,4,590.52,2362.08
59036,75767,1,579.49,579.49
52253,88570,1,877.73,877.73
52253,65545,1,982.4,982.4
52253,97841,1,15.19,15.19
52253,35261,2,897.23,1794.46
79804,8421,2,821.52,1643.04
79804,15522,1,276.76,276.76
81223,3720,3,583.8,1751.4
81223,14575,1,122.21,122.21
81223,32104,2,866.11,1732.22
81223,36815,4,214.84,859.36
42144,56844,2,712.49,1424.98
42144,81490,4,666.71,2666.84
42144,47287,5,312.45,1562.25
3358,82266,3,487.49,1462.47
3358,49133,3,654.65,1963.95
3358,56844,3,712.49,2137.47
3358,13537,4,346.79,1387.16
3358,63030,4,718.94,2875.76
12895,6574,2,254.26,508.52
12895,84121,2,716.26,1432.52
12895,66238,3,504.51,1513.53
12895,6272,3,446.76,1340.28
10058,54069,3,809.7,2429.1
77014,54290,2,413.59,827.18
77014,31814,2,851.91,1703.82
77014,32104,1,866.11,866.11
77014,30584,4,326.01,1304.04
47569,13537,2,346.79,693.58
47569,38902,2,610.92,1221.84
47569,22240,1,829.82,829.82
64107,4682,5,247.15,1235.75
64107,88912,4,303.64,1214.56
502,43812,4,818.24,3272.96
502,31846,2,926.94,1853.88
502,31814,2,851.91,1703.82
71178,84650,4,148.62,594.48
71178,65545,4,982.4,3929.6
71178,38902,4,610.92,2443.68
71178,44839,4,731.08,2924.32
71178,97841,4,15.19,60.76
34379,73564,1,870.82,870.82
34379,13537,1,346.79,346.79
48372,73306,5,334.59,1672.95
48372,22240,5,829.82,4149.1
7399,27620,1,465.29,465.29
85675,25725,3,799.78,2399.34
85675,60060,3,122.67,368.01
85675,85302,5,148.52,742.6
85675,63030,2,718.94,1437.88
85675,14575,4,122.21,488.84
15828,75767,4,579.49,2317.96
15828,29418,4,413.42,1653.68
15828,82802,2,976.29,1952.58
15828,21711,3,450.36,1351.08
45893,79166,2,448.06,896.12
45893,45659,3,471.76,1415.28
45893,64963,1,92.47,92.47
45893,82670,1,231.32,231.32
45893,25725,4,799.78,3199.12
33595,32073,5,69.44,347.2
73765,74822,4,884.09,3536.36
96352,47287,3,312.45,937.35
96352,82802,3,976.29,2928.87
70844,65014,2,590.74,1181.48
27332,36815,3,214.84,644.52
27332,67082,1,142.75,142.75
27332,41839,3,28.06,84.18
27332,97298,4,309.08,1236.32
47256,29418,3,413.42,1240.26
18629,75767,3,579.49,1738.47
18629,97841,2,15.19,30.38
18629,74822,5,884.09,4420.45
18629,41839,4,28.06,112.24
5745,73019,3,425.43,1276.29
66223,22240,2,829.82,1659.64
66223,14575,3,122.21,366.63
66223,16003,1,901.64,901.64
66223,23060,3,711.88,2135.64
66223,13747,4,105.41,421.64
26482,69918,2,143.07,286.14
48891,48757,4,37.0,148.0
48891,53072,1,796.83,796.83
48891,97841,1,15.19,15.19
5369,16003,4,901.64,3606.56
5369,80596,2,445.54,891.08
5369,80882,5,625.02,3125.1
6670,21711,4,450.36,1801.44
6670,27620,1,465.29,465.29
6670,97298,1,309.08,309.08
6670,74822,4,884.09,3536.36
6670,73306,3,334.59,1003.77
95078,74822,3,884.09,2652.27
7842,62047,4,896.02,3584.08
7842,35261,1,897.23,897.23
55656,4682,3,247.15,741.45
55656,86094,1,444.58,444.58
55656,2743,2,590.52,1181.04
95832,58992,1,606.7,606.7
95832,14575,5,122.21,611.05
73807,36815,1,214.84,214.84
58546,31814,5,851.91,4259.55
58546,29418,5,413.42,2067.1
58546,22906,5,480.13,2400.65
58546,79166,2,448.06,896.12
58546,54290,2,413.59,827.18
77687,36815,2,214.84,429.68
23433,74822,3,884.09,2652.27
23433,3720,3,583.8,1751.4
23433,70755,3,738.72,2216.16
23433,56844,2,712.49,1424.98
23433,74920,3,697.56,2092.68
5021,25165,4,934.04,3736.16
5021,35261,3,897.23,2691.69
5021,97841,3,15.19,45.57
17906,81490,4,666.71,2666.84
17906,69918,4,143.07,572.28
95392,73306,5,334.59,1672.95
95392,9116,1,616.71,616.71
95392,32962,2,871.8,1743.6
95392,14934,2,463.51,927.02
82608,31846,2,926.94,1853.88
12319,54597,1,528.11,528.11
12319,56844,2,712.49,1424.98
12319,31814,3,851.91,2555.73
92701,69918,5,143.07,715.35
92701,65831,2,822.4,1644.8
92701,44839,3,731.08,2193.24
92701,97841,5,15.19,75.95
92701,2743,1,590.52,590.52
13801,65545,5,982.4,4912.0
13801,79166,4,448.06,1792.24
98517,21711,4,450.36,1801.44
28445,54069,1,809.7,809.7
28445,89630,1,952.52,952.52
28445,52143,3,795.87,2387.61
11487,88363,5,706.47,3532.35
11487,70755,3,738.72,2216.16
16466,14539,5,689.69,3448.45
16466,6272,2,446.76,893.52
21836,54069,3,809.7,2429.1
21836,25165,4,934.04,3736.16
21836,73564,1,870.82,870.82
19082,79759,4,553.92,2215.68
19082,47287,4,312.45,1249.8
19082,80596,3,445.54,1336.62
19082,25725,4,799.78,3199.12
98960,23023,2,210.07,420.14
98960,14539,3,689.69,2069.07
90355,84121,4,716.26,2865.04
99637,58992,5,606.7,3033.5
99637,22240,3,829.82,2489.46
99637,30413,3,117.29,351.87
34878,32104,4,866.11,3464.44
34878,96902,1,579.84,579.84
34878,22906,1,480.13,480.13
34878,38902,1,610.92,610.92
34878,23060,2,711.88,1423.76
70433,69918,3,143.07,429.21
70433,70755,3,738.72,2216.16
4001,87279,3,320.39,961.17
4001,52143,2,795.87,1591.74
4001,54597,4,528.11,2112.44
53204,87279,1,320.39,320.39
53204,73019,2,425.43,850.86
53204,66286,2,170.54,341.08
53204,16003,1,901.64,901.64
67571,27620,2,465.29,930.58
67571,749,5,113.32,566.6
67571,44839,3,731.08,2193.24
67571,73306,3,334.59,1003.77
67571,32104,1,866.11,866.11
24413,97298,2,309.08,618.16
24413,49133,1,654.65,654.65
24413,69918,1,143.07,143.07
43524,88363,4,706.47,2825.88
43524,14934,4,463.51,1854.04
87047,22906,2,480.13,960.26
87047,79166,5,448.06,2240.3
87047,88570,5,877.73,4388.65
99487,65545,2,982.4,1964.8
99487,58992,3,606.7,1820.1
99487,41839,4,28.06,112.24
27491,96902,4,579.84,2319.36
27491,32073,5,69.44,347.2
73874,31814,4,851.91,3407.64
948,79166,2,448.06,896.12
948,3720,3,583.8,1751.4
27011,30413,3,117.29,351.87
27011,16927,3,948.45,2845.35
24392,60060,4,122.67,490.68
20679,29297,3,375.89,1127.67
20679,49133,4,654.65,2618.6
20679,82670,5,231.32,1156.6
22933,49133,5,654.65,3273.25
22933,97298,1,309.08,309.08
63691,87279,3,320.39,961.17
63691,36815,1,214.84,214.84
63691,22240,2,829.82,1659.64
52641,73019,5,425.43,2127.15
52641,89630,5,952.52,4762.6
52641,45659,1,471.76,471.76
52641,73564,2,870.82,1741.64
48974,29297,1,375.89,375.89
48974,47287,2,312.45,624.9
99045,73019,1,425.43,425.43
31381,67082,2,142.75,285.5
31381,30584,5,326.01,1630.05
69442,14539,5,689.69,3448.45
69442,16063,5,101.37,506.85
10559,14539,4,689.69,2758.76
38381,30584,4,326.01,1304.04
38381,85302,2,148.52,297.04
38381,64963,1,92.47,92.47
38381,97841,4,15.19,60.76
38381,22890,5,91.17,455.85
78106,8030,4,166.83,667.32
16911,97841,3,15.19,45.57
16911,74822,1,884.09,884.09
16911,54597,5,528.11,2640.55
64400,36815,3,214.84,644.52
64400,30584,2,326.01,652.02
76431,54597,5,528.11,2640.55
76431,43812,2,818.24,1636.48
76431,53072,2,796.83,1593.66
21686,97298,5,309.08,1545.4
65589,48757,5,37.0,185.0
65589,31814,1,851.91,851.91
65589,81490,4,666.71,2666.84
9025,29297,3,375.89,1127.67
21066,6272,3,446.76,1340.28
21066,85302,5,148.52,742.6
18700,65545,1,982.4,982.4
18700,89630,5,952.52,4762.6
18700,8030,1,166.83,166.83
18700,38902,4,610.92,2443.68
18700,81490,4,666.71,2666.84
61885,54597,4,528.11,2112.44
61885,81140,3,489.7,1469.1
61885,13747,3,105.41,316.23
29689,56844,3,712.49,2137.47
29689,13747,1,105.41,105.41
29689,25725,5,799.78,3998.9
29689,54069,1,809.7,809.7
29689,23023,2,210.07,420.14
47061,49133,2,654.65,1309.3
47061,14575,2,122.21,244.42
11129,32104,2,866.11,1732.22
11129,13537,4,346.79,1387.16
11129,32962,4,871.8,3487.2
11129,53079,4,276.99,1107.96
66883,54597,4,528.11,2112.44
66883,23023,4,210.07,840.28
7082,25725,1,799.78,799.78
7082,86094,2,444.58,889.16
7082,84650,1,148.62,148.62
7082,21711,4,450.36,1801.44
70216,60060,4,122.67,490.68
70216,95341,1,472.25,472.25
49245,32104,5,866.11,4330.55
49245,73306,5,334.59,1672.95
49245,2743,4,590.52,2362.08
49245,52143,4,795.87,3183.48
49245,87279,3,320.39,961.17
13631,45676,5,489.95,2449.75
13631,48992,5,482.35,2411.75
13631,13537,5,346.79,1733.95
13631,84121,2,716.26,1432.52
75338,48992,2,482.35,964.7
75338,14575,5,122.21,611.05
75338,22240,5,829.82,4149.1
75338,73564,4,870.82,3483.28
70640,31814,2,851.91,1703.82
70640,49133,5,654.65,3273.25
19919,81826,5,724.8,3624.0
34430,29297,2,375.89,751.78
34430,48757,2,37.0,74.0
34430,95341,5,472.25,2361.25
34430,14539,3,689.69,2069.07
11613,82670,4,231.32,925.28
11613,53079,2,276.99,553.98
3611,6574,1,254.26,254.26
3611,88363,3,706.47,2119.41
34049,14934,5,463.51,2317.55
34049,81140,2,489.7,979.4
34049,85302,1,148.52,148.52
61693,63030,1,718.94,718.94
61693,84121,3,716.26,2148.78
2995,49133,3,654.65,1963.95
2995,88570,4,877.73,3510.92
54592,67082,4,142.75,571.0
54592,1358,3,564.38,1693.14
54592,18058,2,897.36,1794.72
54592,81140,3,489.7,1469.1
51529,81490,1,666.71,666.71
51529,97841,2,15.19,30.38
51529,32073,5,69.44,347.2
51529,84650,1,148.62,148.62
51529,73019,3,425.43,1276.29
97180,1358,1,564.38,564.38
97180,41839,1,28.06,28.06
2952,3720,4,583.8,2335.2
2952,23060,2,711.88,1423.76
2952,60060,5,122.67,613.35
48883,8030,2,166.83,333.66
48883,14575,4,122.21,488.84
69175,8030,3,166.83,500.49
69175,74822,5,884.09,4420.45
69175,30584,4,326.01,1304.04
69175,47287,2,312.45,624.9
48897,16063,2,101.37,202.74
48897,79759,2,553.92,1107.84
98594,3720,2,583.8,1167.6
98594,88912,3,303.64,910.92
65769,21711,3,450.36,1351.08
65769,64963,3,92.47,277.41
65769,80882,5,625.02,3125.1
65769,32073,4,69.44,277.76
86735,75767,2,579.49,1158.98
86735,74822,2,884.09,1768.18
86735,50525,3,277.3,831.9
86735,31846,1,926.94,926.94
88646,56844,1,712.49,712.49
88646,32073,5,69.44,347.2
88646,43812,4,818.24,3272.96
88646,32104,2,866.11,1732.22
88646,97298,5,309.08,1545.4
20550,89630,2,952.52,1905.04
20550,52143,4,795.87,3183.48
20550,22240,5,829.82,4149.1
20550,54597,4,528.11,2112.44
77972,81490,5,666.71,3333.55
34219,81490,1,666.71,666.71
34219,60060,5,122.67,613.35
34219,16003,3,901.64,2704.92
86544,48757,4,37.0,148.0
86544,67082,4,142.75,571.0
84805,82802,1,976.29,976.29
3861,66238,4,504.51,2018.04
3861,13747,5,105.41,527.05
80257,22890,4,91.17,364.68
80257,749,5,113.32,566.6
80257,9116,4,616.71,2466.84
49331,23023,5,210.07,1050.35
49331,67082,2,142.75,285.5
87425,29418,3,413.42,1240.26
87425,73306,1,334.59,334.59
87425,6272,4,446.76,1787.04
87425,75767,3,579.49,1738.47
38045,47287,3,312.45,937.35
38045,73019,4,425.43,1701.72
94904,53072,1,796.83,796.83
94904,96902,1,579.84,579.84
94904,53079,4,276.99,1107.96
94904,43812,1,818.24,818.24
94904,62047,4,896.02,3584.08
42815,30413,2,117.29,234.58
42815,29297,2,375.89,751.78
38210,9116,2,616.71,1233.42
38210,87279,4,320.39,1281.56
38210,80596,1,445.54,445.54
38210,25165,3,934.04,2802.12
38210,52143,5,795.87,3979.35
44840,6574,2,254.26,508.52
66801,87279,5,320.39,1601.95
32873,36815,4,214.84,859.36
32873,14575,2,122.21,244.42
32873,62047,3,896.02,2688.06
32873,50525,5,277.3,1386.5
42837,69918,1,143.07,143.07
42837,27620,4,465.29,1861.16
83437,82266,1,487.49,487.49
83437,35261,4,897.23,3588.92
83437,97298,4,309.08,1236.32
10300,50525,4,277.3,1109.2
95818,54597,2,528.11,1056.22
95818,8421,5,821.52,4107.6
95818,74920,2,697.56,1395.12
95818,89630,1,952.52,952.52
95818,16927,1,948.45,948.45
61888,67082,4,142.75,571.0
61888,749,4,113.32,453.28
61888,13747,1,105.41,105.41
61888,97298,1,309.08,309.08
61888,23023,3,210.07,630.21
55854,45659,5,471.76,2358.8
55854,749,2,113.32,226.64
72674,1358,1,564.38,564.38
72674,8030,2,166.83,333.66
22578,48992,4,482.35,1929.4
18886,43812,1,818.24,818.24
18886,38902,5,610.92,3054.6
18886,48992,1,482.35,482.35
82673,81490,5,666.71,3333.55
76485,65545,4,982.4,3929.6
76485,54597,5,528.11,2640.55
76485,85302,2,148.52,297.04
76485,30413,3,117.29,351.87
76485,23060,3,711.88,2135.64
42845,89630,1,952.52,952.52
42845,54069,2,809.7,1619.4
42845,30413,4,117.29,469.16
42845,62047,2,896.02,1792.04
42845,47287,3,312.45,937.35
45811,14934,2,463.51,927.02
45811,81826,2,724.8,1449.6
45811,36815,5,214.84,1074.2
45811,86094,4,444.58,1778.32
45811,22240,4,829.82,3319.28
89900,54069,2,809.7,1619.4
99196,41839,3,28.06,84.18
99196,30413,2,117.29,234.58
99196,16063,4,101.37,405.48
77131,22890,5,91.17,455.85
77131,89630,5,952.52,4762.6
88602,82266,1,487.49,487.49
88602,6574,4,254.26,1017.04
88602,48992,5,482.35,2411.75
53621,50525,1,277.3,277.3
73036,58992,2,606.7,1213.4
73036,88912,2,303.64,607.28
73036,89630,2,952.52,1905.04
73036,53079,3,276.99,830.97
44626,62047,3,896.02,2688.06
44626,67082,3,142.75,428.25
34529,79166,3,448.06,1344.18
34529,6272,1,446.76,446.76
34529,48757,1,37.0,37.0
34529,63030,1,718.94,718.94
78530,8421,2,821.52,1643.04
78530,96902,2,579.84,1159.68
65493,60060,4,122.67,490.68
65493,32962,4,871.8,3487.2
65493,88912,2,303.64,607.28
65493,6574,2,254.26,508.52
56763,32104,3,866.11,2598.33
73748,96902,3,579.84,1739.52
73748,38902,4,610.92,2443.68
73748,58992,4,606.7,2426.8
73748,22906,2,480.13,960.26
81322,9116,2,616.71,1233.42
81322,70755,1,738.72,738.72
42763,13537,4,346.79,1387.16
42763,66286,2,170.54,341.08
42763,15522,1,276.76,276.76
61933,86094,2,444.58,889.16
61933,54069,3,809.7,2429.1
61933,2743,4,590.52,2362.08
61933,64963,2,92.47,184.94
36514,60060,2,122.67,245.34
36514,29297,3,375.89,1127.67
36514,35261,1,897.23,897.23
36514,9116,1,616.71,616.71
50589,81140,2,489.7,979.4
50589,3720,4,583.8,2335.2
17472,29418,3,413.42,1240.26
17472,54069,5,809.7,4048.5
17472,52143,5,795.87,3979.35
34749,1358,2,564.38,1128.76
34749,32962,4,871.8,3487.2
34749,88363,3,706.47,2119.41
34749,38902,2,610.92,1221.84
39604,97298,2,309.08,618.16
39604,65014,1,590.74,590.74
39604,54597,2,528.11,1056.22
61937,73019,3,425.43,1276.29
61937,58992,4,606.7,2426.8
61937,82802,1,976.29,976.29
56759,9116,5,616.71,3083.55
56759,16063,1,101.37,101.37
56759,54597,4,528.11,2112.44
56759,30413,2,117.29,234.58
56759,64963,3,92.47,277.41
27338,25725,1,799.78,799.78
27338,32962,5,871.8,4359.0
27338,49133,3,654.65,1963.95
27338,13747,5,105.41,527.05
85075,67082,5,142.75,713.75
85075,97298,4,309.08,1236.32
18464,14539,2,689.69,1379.38
59153,48757,4,37.0,148.0
59153,4682,4,247.15,988.6
59153,80882,2,625.02,1250.04
30495,13537,1,346.79,346.79
42564,25725,1,799.78,799.78
42564,30584,4,326.01,1304.04
42564,73306,5,334.59,1672.95
42564,66286,4,170.54,682.16
42564,84650,2,148.62,297.24
49680,14575,3,122.21,366.63
49680,66286,3,170.54,511.62
77719,32104,4,866.11,3464.44
77719,45659,3,471.76,1415.28
77719,84650,5,148.62,743.1
77719,97841,2,15.19,30.38
73177,29418,3,413.42,1240.26
73177,25165,1,934.04,934.04
9156,81490,4,666.71,2666.84
23574,88363,5,706.47,3532.35
23574,97841,1,15.19,15.19
23574,89630,2,952.52,1905.04
23574,14934,2,463.51,927.02
75801,32962,5,871.8,4359.0
75801,8421,3,821.52,2464.56
75801,25165,5,934.04,4670.2
30953,97298,4,309.08,1236.32
30953,22240,3,829.82,2489.46
30953,60060,3,122.67,368.01
30953,79759,2,553.92,1107.84
16742,4682,1,247.15,247.15
36752,63030,5,718.94,3594.7
36752,73019,1,425.43,425.43
8309,23023,4,210.07,840.28
8309,8421,5,821.52,4107.6
8309,13747,2,105.41,210.82
8309,97298,1,309.08,309.08
8309,58992,5,606.7,3033.5
27212,3720,2,583.8,1167.6
27212,66238,2,504.51,1009.02
27212,62047,3,896.02,2688.06
27212,29418,3,413.42,1240.26
27212,73019,4,425.43,1701.72
30349,70755,5,738.72,3693.6
30349,58992,1,606.7,606.7
30349,6574,2,254.26,508.52
30349,35261,1,897.23,897.23
30349,82670,4,231.32,925.28
88872,58992,1,606.7,606.7
88872,25725,4,799.78,3199.12
88872,3720,2,583.8,1167.6
88872,6272,2,446.76,893.52
23627,32073,3,69.44,208.32
23627,53072,1,796.83,796.83
23627,16003,2,901.64,1803.28
17827,66286,4,170.54,682.16
17827,25165,2,934.04,1868.08
17827,73564,5,870.82,4354.1
72740,48992,2,482.35,964.7
44386,49133,3,654.65,1963.95
64627,38902,5,610.92,3054.6
12299,18058,4,897.36,3589.44
94647,84650,3,148.62,445.86
94647,45676,3,489.95,1469.85
94647,65545,2,982.4,1964.8
4668,25725,5,799.78,3998.9
4668,14575,3,122.21,366.63
16344,53079,5,276.99,1384.95
16344,14539,3,689.69,2069.07
16344,62047,1,896.02,896.02
42209,53072,1,796.83,796.83
42209,18058,5,897.36,4486.8
42209,8421,5,821.52,4107.6
42209,70755,5,738.72,3693.6
42209,84650,1,148.62,148.62
87998,79166,2,448.06,896.12
87998,22906,3,480.13,1440.39
87998,73019,5,425.43,2127.15
87998,97841,4,15.19,60.76
61424,82670,1,231.32,231.32
61424,82802,4,976.29,3905.16
98994,54290,3,413.59,1240.77
8778,43812,1,818.24,818.24
8778,31846,4,926.94,3707.76
8778,44839,5,731.08,3655.4
8778,73306,4,334.59,1338.36
8778,53072,4,796.83,3187.32
27439,84121,1,716.26,716.26
27439,23023,4,210.07,840.28
27439,25725,1,799.78,799.78
27439,29418,5,413.42,2067.1
51589,80596,2,445.54,891.08
51589,38902,5,610.92,3054.6
51589,56844,2,712.49,1424.98
51589,6574,5,254.26,1271.3
20347,41839,4,28.06,112.24
2046,84121,4,716.26,2865.04
2046,21711,1,450.36,450.36
2046,29297,2,375.89,751.78
2046,14934,2,463.51,927.02
79266,88570,5,877.73,4388.65
79266,63030,1,718.94,718.94
79266,16063,5,101.37,506.85
79266,81140,1,489.7,489.7
40093,96902,5,579.84,2899.2
40093,22240,4,829.82,3319.28
88053,74822,5,884.09,4420.45
88053,88912,5,303.64,1518.2
88053,48992,4,482.35,1929.4
88053,30584,1,326.01,326.01
22673,74822,5,884.09,4420.45
22673,80596,3,445.54,1336.62
22673,79759,3,553.92,1661.76
22673,14934,1,463.51,463.51
62129,6574,1,254.26,254.26
62129,53079,4,276.99,1107.96
73343,13537,2,346.79,693.58
73343,74822,3,884.09,2652.27
95806,32073,4,69.44,277.76
80284,21711,3,450.36,1351.08
80284,63030,5,718.94,3594.7
60432,23023,5,210.07,1050.35
60432,60060,2,122.67,245.34
60432,88570,4,877.73,3510.92
50291,13747,4,105.41,421.64
50291,73019,4,425.43,1701.72
50291,32104,2,866.11,1732.22
11913,66238,4,504.51,2018.04
11913,73564,1,870.82,870.82
11913,54069,2,809.7,1619.4
35075,15522,2,276.76,553.52
78926,97841,3,15.19,45.57
78926,15522,4,276.76,1107.04
78926,81490,1,666.71,666.71
78926,1358,5,564.38,2821.9
78926,54597,1,528.11,528.11
10183,50525,5,277.3,1386.5
10183,97841,4,15.19,60.76
37809,69918,1,143.07,143.07
13220,80596,4,445.54,1782.16
13220,80882,5,625.02,3125.1
77951,85302,1,148.52,148.52
77951,82802,5,976.29,4881.45
77951,22906,2,480.13,960.26
14796,22906,4,480.13,1920.52
68786,80596,2,445.54,891.08
28976,32104,5,866.11,4330.55
28976,47287,3,312.45,937.35
46957,8030,1,166.83,166.83
46957,29297,5,375.89,1879.45
46957,14575,2,122.21,244.42
46957,88570,4,877.73,3510.92
46957,97841,1,15.19,15.19
54908,97298,5,309.08,1545.4
54908,80596,3,445.54,1336.62
54908,85302,5,148.52,742.6
46292,79166,1,448.06,448.06
46292,32962,3,871.8,2615.4
46292,53072,2,796.83,1593.66
46292,88363,5,706.47,3532.35
16934,41839,2,28.06,56.12
907,84121,4,716.26,2865.04
907,32962,4,871.8,3487.2
907,47287,4,312.45,1249.8
907,88912,3,303.64,910.92
907,50525,3,277.3,831.9
98862,16927,1,948.45,948.45
98862,13537,5,346.79,1733.95
98862,30584,2,326.01,652.02
98862,41839,5,28.06,140.3
98862,79759,3,553.92,1661.76
84299,80596,1,445.54,445.54
84299,36815,1,214.84,214.84
84299,31814,2,851.91,1703.82
41568,29297,2,375.89,751.78
41568,23060,3,711.88,2135.64
41568,82802,2,976.29,1952.58
65460,89630,2,952.52,1905.04
65460,6272,1,446.76,446.76
65460,2743,3,590.52,1771.56
65460,41839,2,28.06,56.12
65460,79759,3,553.92,1661.76
16348,41839,5,28.06,140.3
16348,8421,4,821.52,3286.08
16348,29418,5,413.42,2067.1
16348,30413,5,117.29,586.45
16348,84121,1,716.26,716.26
45679,65545,3,982.4,2947.2
45679,44839,1,731.08,731.08
45679,8030,1,166.83,166.83
8234,44839,1,731.08,731.08
44983,52143,2,795.87,1591.74
37480,27620,1,465.29,465.29
39623,14934,1,463.51,463.51
39623,25165,3,934.04,2802.12
39623,54069,2,809.7,1619.4
79843,95341,4,472.25,1889.0
79843,32962,5,871.8,4359.0
79843,3720,4,583.8,2335.2
34706,81140,4,489.7,1958.8
34706,66286,1,170.54,170.54
53387,87279,2,320.39,640.78
53387,82266,4,487.49,1949.96
53387,73564,1,870.82,870.82
53387,22240,5,829.82,4149.1
53387,80596,4,445.54,1782.16
29132,69918,4,143.07,572.28
74594,52143,2,795.87,1591.74
43405,22906,3,480.13,1440.39
43405,63030,4,718.94,2875.76
43405,32073,5,69.44,347.2
43405,82802,1,976.29,976.29
27040,54290,4,413.59,1654.36
27040,80596,2,445.54,891.08
27040,22240,4,829.82,3319.28
27040,56844,5,712.49,3562.45
27040,95341,3,472.25,1416.75
65908,8421,5,821.52,4107.6
65908,48992,2,482.35,964.7
65908,74920,3,697.56,2092.68
65908,4682,5,247.15,1235.75
65908,87279,5,320.39,1601.95
98077,13747,3,105.41,316.23
44293,73306,1,334.59,334.59
44293,74822,4,884.09,3536.36
44293,8030,2,166.83,333.66
76138,53079,3,276.99,830.97
76138,14934,2,463.51,927.02
76138,47287,2,312.45,624.9
76138,84650,3,148.62,445.86
76138,88912,2,303.64,607.28
97718,30584,4,326.01,1304.04
83135,15522,2,276.76,553.52
83135,79166,5,448.06,2240.3
16152,64963,5,92.47,462.35
16152,54290,3,413.59,1240.77
16152,22906,3,480.13,1440.39
16152,74822,4,884.09,3536.36
31180,8421,2,821.52,1643.04
99210,16063,1,101.37,101.37
99210,69918,2,143.07,286.14
99210,88912,2,303.64,607.28
99210,64963,5,92.47,462.35
69758,36815,3,214.84,644.52
69758,27620,1,465.29,465.29
69758,80596,5,445.54,2227.7
69758,80882,4,625.02,2500.08
69758,81140,4,489.7,1958.8
36584,80882,4,625.02,2500.08
36584,31846,1,926.94,926.94
36584,49133,5,654.65,3273.25
36584,75767,1,579.49,579.49
23228,16063,5,101.37,506.85
18114,54597,1,528.11,528.11
18114,75767,5,579.49,2897.45
95279,82802,5,976.29,4881.45
83209,3720,2,583.8,1167.6
83209,35261,1,897.23,897.23
83209,54290,5,413.59,2067.95
83209,6574,2,254.26,508.52
97648,66286,1,170.54,170.54
97648,30584,4,326.01,1304.04
56281,75767,4,579.49,2317.96
56281,6574,1,254.26,254.26
56281,4682,1,247.15,247.15
80860,22906,4,480.13,1920.52
80860,30413,4,117.29,469.16
80860,58992,3,606.7,1820.1
80860,87279,2,320.39,640.78
27567,30413,3,117.29,351.87
27567,80882,2,625.02,1250.04
27567,16063,4,101.37,405.48
34151,48757,2,37.0,74.0
34151,18058,5,897.36,4486.8
34151,32962,3,871.8,2615.4
34151,38902,5,610.92,3054.6
34151,75767,5,579.49,2897.45
33687,22906,4,480.13,1920.52
43076,86094,5,444.58,2222.9
43076,81490,4,666.71,2666.84
25496,32962,5,871.8,4359.0
71289,53072,1,796.83,796.83
71289,88363,4,706.47,2825.88
71289,62047,1,896.02,896.02
45285,36815,3,214.84,644.52
45285,81826,2,724.8,1449.6
45285,32073,2,69.44,138.88
45285,88363,1,706.47,706.47
45285,45676,4,489.95,1959.8
56482,30413,3,117.29,351.87
56482,65014,3,590.74,1772.22
56482,25725,4,799.78,3199.12
56482,53072,2,796.83,1593.66
66776,65831,5,822.4,4112.0
66776,23060,1,711.88,711.88
66776,47287,4,312.45,1249.8
66776,25725,4,799.78,3199.12
66776,30584,3,326.01,978.03
39829,74822,2,884.09,1768.18
39829,81490,4,666.71,2666.84
39829,21711,3,450.36,1351.08
39829,45659,5,471.76,2358.8
83081,50525,2,277.3,554.6
83081,1358,5,564.38,2821.9
83081,63030,3,718.94,2156.82
83081,81826,4,724.8,2899.2
26192,74822,2,884.09,1768.18
26192,43812,1,818.24,818.24
26192,54597,2,528.11,1056.22
26192,44839,3,731.08,2193.24
16502,25725,5,799.78,3998.9
16502,50525,5,277.3,1386.5
16502,88912,1,303.64,303.64
12438,30584,1,326.01,326.01
12438,13537,4,346.79,1387.16
36518,73306,3,334.59,1003.77
36518,62047,3,896.02,2688.06
36518,84650,5,148.62,743.1
36518,22240,4,829.82,3319.28
16916,97298,1,309.08,309.08
16916,29418,1,413.42,413.42
16916,79166,2,448.06,896.12
16916,74822,1,884.09,884.09
16916,62047,4,896.02,3584.08
65383,49133,1,654.65,654.65
65383,32962,1,871.8,871.8
65383,2743,4,590.52,2362.08
31970,45659,4,471.76,1887.04
31970,25725,1,799.78,799.78
31970,56844,4,712.49,2849.96
31970,80596,1,445.54,445.54
31970,65831,1,822.4,822.4
23132,74920,1,697.56,697.56
23478,23060,5,711.88,3559.4
23478,82802,5,976.29,4881.45
23478,79166,2,448.06,896.12
23478,82266,3,487.49,1462.47
23478,65545,3,982.4,2947.2
60823,14575,4,122.21,488.84
60823,53079,3,276.99,830.97
60823,70755,2,738.72,1477.44
46366,79759,5,553.92,2769.6
46366,56844,5,712.49,3562.45
46366,9116,4,616.71,2466.84
95838,23060,3,711.88,2135.64
95838,73306,1,334.59,334.59
6270,79759,2,553.92,1107.84
6270,95341,3,472.25,1416.75
6270,16927,2,948.45,1896.9
6270,80596,4,445.54,1782.16
50349,58992,2,606.7,1213.4
50349,66238,3,504.51,1513.53
88169,75767,3,579.49,1738.47
88169,52143,4,795.87,3183.48
39610,65014,1,590.74,590.74
39610,74822,4,884.09,3536.36
39610,66238,3,504.51,1513.53
39610,79166,2,448.06,896.12
39610,64963,3,92.47,277.41
70983,3720,3,583.8,1751.4
70983,60060,2,122.67,245.34
70983,18058,3,897.36,2692.08
70983,47287,5,312.45,1562.25
27801,56844,4,712.49,2849.96
91089,66286,2,170.54,341.08
91089,52143,3,795.87,2387.61
31615,95341,2,472.25,944.5
31615,16003,5,901.64,4508.2
31615,81826,4,724.8,2899.2
31615,58992,5,606.7,3033.5
95297,14539,2,689.69,1379.38
95297,73306,3,334.59,1003.77
95297,54069,2,809.7,1619.4
95297,87279,5,320.39,1601.95
39881,35261,2,897.23,1794.46
39881,66238,2,504.51,1009.02
39881,64963,1,92.47,92.47
39881,73306,5,334.59,1672.95
1592,73019,4,425.43,1701.72
1592,74822,1,884.09,884.09
1592,73564,5,870.82,4354.1
1592,41839,1,28.06,28.06
47602,85302,4,148.52,594.08
59593,14575,2,122.21,244.42
59122,53079,4,276.99,1107.96
59122,58992,2,606.7,1213.4
59122,97298,1,309.08,309.08
43745,53079,5,276.99,1384.95
9883,45676,4,489.95,1959.8
9883,53079,5,276.99,1384.95
9883,2743,3,590.52,1771.56
9883,16063,2,101.37,202.74
9883,64963,5,92.47,462.35
9332,23023,3,210.07,630.21
9332,58992,1,606.7,606.7
9332,87279,5,320.39,1601.95
88895,88363,3,706.47,2119.41
88895,9116,1,616.71,616.71
88895,30413,4,117.29,469.16
36098,56844,5,712.49,3562.45
36098,43812,4,818.24,3272.96
36098,32962,3,871.8,2615.4
36098,9116,2,616.71,1233.42
32917,85302,4,148.52,594.08
32917,62047,4,896.02,3584.08
32917,15522,1,276.76,276.76
32917,8421,3,821.52,2464.56
32917,79759,1,553.92,553.92
5859,6272,5,446.76,2233.8
5859,73564,5,870.82,4354.1
5859,16927,5,948.45,4742.25
7907,14934,2,463.51,927.02
7907,25725,3,799.78,2399.34
7907,85302,4,148.52,594.08
20086,36815,5,214.84,1074.2
20086,66286,1,170.54,170.54
20086,23023,5,210.07,1050.35
91282,14575,5,122.21,611.05
91282,45659,4,471.76,1887.04
91282,95341,4,472.25,1889.0
91282,84650,4,148.62,594.48
58781,22240,5,829.82,4149.1
58781,47287,2,312.45,624.9
58781,44839,3,731.08,2193.24
3936,54597,1,528.11,528.11
87421,65831,3,822.4,2467.2
87421,25725,2,799.78,1599.56
87421,49133,2,654.65,1309.3
87421,74920,2,697.56,1395.12
87421,63030,4,718.94,2875.76
80520,32104,4,866.11,3464.44
85750,47287,5,312.45,1562.25
85750,31814,4,851.91,3407.64
85750,30413,4,117.29,469.16
85750,2743,1,590.52,590.52
23304,66286,2,170.54,341.08
23304,82802,4,976.29,3905.16
23304,64963,1,92.47,92.47
23304,84650,1,148.62,148.62
23304,73019,3,425.43,1276.29
18796,67082,5,142.75,713.75
18796,1358,1,564.38,564.38
21183,73564,3,870.82,2612.46
21183,22906,3,480.13,1440.39
21183,82266,1,487.49,487.49
21183,8030,1,166.83,166.83
70090,54597,3,528.11,1584.33
70090,43812,2,818.24,1636.48
70090,13747,3,105.41,316.23
70090,44839,3,731.08,2193.24
71733,97841,5,15.19,75.95
5611,65014,2,590.74,1181.48
5611,41839,2,28.06,56.12
5611,58992,4,606.7,2426.8
55233,64963,5,92.47,462.35
59156,74822,2,884.09,1768.18
44636,84650,5,148.62,743.1
37723,96902,4,579.84,2319.36
37723,63030,3,718.94,2156.82
37723,13537,5,346.79,1733.95
97084,82802,2,976.29,1952.58
97084,27620,4,465.29,1861.16
97084,48992,2,482.35,964.7
26572,16063,4,101.37,405.48
72932,14539,4,689.69,2758.76
89492,29297,2,375.89,751.78
40741,22890,5,91.17,455.85
40741,97841,3,15.19,45.57
40741,32104,3,866.11,2598.33
40741,53079,4,276.99,1107.96
40741,49133,1,654.65,654.65
38235,49133,1,654.65,654.65
38235,97298,4,309.08,1236.32
38235,53079,4,276.99,1107.96
14070,16927,2,948.45,1896.9
14070,81826,3,724.8,2174.4
14070,66238,3,504.51,1513.53
14070,88912,2,303.64,607.28
93243,64963,4,92.47,369.88
93243,66286,1,170.54,170.54
93243,65831,1,822.4,822.4
93243,31846,2,926.94,1853.88
93243,32104,4,866.11,3464.44
47228,70755,3,738.72,2216.16
10143,53072,5,796.83,3984.15
7326,6574,5,254.26,1271.3
75039,67082,4,142.75,571.0
75039,56844,1,712.49,712.49
75039,54597,3,528.11,1584.33
75039,97298,5,309.08,1545.4
53327,9116,1,616.71,616.71
53327,21711,1,450.36,450.36
74799,29297,3,375.89,1127.67
74799,97841,1,15.19,15.19
74799,70755,2,738.72,1477.44
74799,6272,2,446.76,893.52
41987,50525,5,277.3,1386.5
41987,80882,2,625.02,1250.04
41987,88912,1,303.64,303.64
88228,15522,4,276.76,1107.04
88228,95341,2,472.25,944.5
83416,66238,2,504.51,1009.02
47540,22890,3,91.17,273.51
47540,32104,3,866.11,2598.33
47540,41839,2,28.06,56.12
42264,6272,3,446.76,1340.28
42264,82266,5,487.49,2437.45
70064,87279,4,320.39,1281.56
44690,4682,1,247.15,247.15
44690,84650,1,148.62,148.62
21095,23023,4,210.07,840.28
21095,29418,1,413.42,413.42
21095,95341,3,472.25,1416.75
21936,88912,4,303.64,1214.56
21936,22240,1,829.82,829.82
21936,65545,4,982.4,3929.6
80537,81490,1,666.71,666.71
35802,8421,3,821.52,2464.56
35802,22240,1,829.82,829.82
35802,43812,5,818.24,4091.2
60141,64963,5,92.47,462.35
60141,60060,3,122.67,368.01
60141,82266,5,487.49,2437.45
60141,84650,5,148.62,743.1
31553,35261,5,897.23,4486.15
98515,14934,3,463.51,1390.53
98515,84121,5,716.26,3581.3
98515,14539,1,689.69,689.69
98515,25725,1,799.78,799.78
34881,79759,3,553.92,1661.76
34881,41839,3,28.06,84.18
29085,9116,1,616.71,616.71
29085,4682,1,247.15,247.15
68381,65014,2,590.74,1181.48
60813,21711,5,450.36,2251.8
45009,66238,3,504.51,1513.53
45009,16063,2,101.37,202.74
45009,22890,3,91.17,273.51
56089,32073,3,69.44,208.32
56089,47287,3,312.45,937.35
56089,56844,3,712.49,2137.47
56089,30584,5,326.01,1630.05
17196,9116,1,616.71,616.71
17196,44839,1,731.08,731.08
17196,21711,2,450.36,900.72
17196,22890,1,91.17,91.17
17196,81140,4,489.7,1958.8
24884,8421,3,821.52,2464.56
24884,88363,1,706.47,706.47
24884,22906,1,480.13,480.13
24884,66286,2,170.54,341.08
16435,62047,4,896.02,3584.08
16435,25165,4,934.04,3736.16
16435,88363,5,706.47,3532.35
16435,16063,4,101.37,405.48
7545,16063,5,101.37,506.85
65812,47287,3,312.45,937.35
65812,89630,1,952.52,952.52
65812,82266,2,487.49,974.98
65812,29297,1,375.89,375.89
65812,81826,3,724.8,2174.4
74684,73019,2,425.43,850.86
47516,74822,1,884.09,884.09
47516,23060,4,711.88,2847.52
47516,70755,4,738.72,2954.88
47516,87279,3,320.39,961.17
47516,73564,1,870.82,870.82
38345,53072,5,796.83,3984.15
38345,52143,1,795.87,795.87
36834,85302,2,148.52,297.04
95286,8421,2,821.52,1643.04
95286,32104,4,866.11,3464.44
95286,88912,4,303.64,1214.56
57761,81140,5,489.7,2448.5
57761,85302,4,148.52,594.08
57761,22240,1,829.82,829.82
43941,16063,1,101.37,101.37
89367,18058,1,897.36,897.36
64001,749,3,113.32,339.96
64001,75767,3,579.49,1738.47
48579,58992,5,606.7,3033.5
48579,65545,3,982.4,2947.2
48579,22240,1,829.82,829.82
48579,29418,1,413.42,413.42
59586,30413,5,117.29,586.45
68614,97298,3,309.08,927.24
68614,18058,2,897.36,1794.72
76796,22240,1,829.82,829.82
76796,88912,3,303.64,910.92
76796,80596,2,445.54,891.08
39131,25725,3,799.78,2399.34
39131,89630,1,952.52,952.52
39131,54597,1,528.11,528.11
39131,14934,4,463.51,1854.04
63418,81826,5,724.8,3624.0
63418,35261,3,897.23,2691.69
63418,6272,5,446.76,2233.8
63418,65545,2,982.4,1964.8
3291,81140,5,489.7,2448.5
3291,97298,4,309.08,1236.32
99169,69918,2,143.07,286.14
99169,38902,1,610.92,610.92
99169,16003,2,901.64,1803.28
99169,9116,5,616.71,3083.55
99169,13537,2,346.79,693.58
83905,13537,5,346.79,1733.95
83905,65014,1,590.74,590.74
83905,69918,5,143.07,715.35
83905,70755,1,738.72,738.72
35357,65014,5,590.74,2953.7
35357,13747,1,105.41,105.41
35357,29418,4,413.42,1653.68
35357,16927,3,948.45,2845.35
8691,73306,1,334.59,334.59
8691,47287,4,312.45,1249.8
8691,45659,1,471.76,471.76
30419,66286,3,170.54,511.62
30419,23023,3,210.07,630.21
47858,3720,5,583.8,2919.0
47858,36815,1,214.84,214.84
47858,63030,2,718.94,1437.88
17075,80596,1,445.54,445.54
17075,22890,4,91.17,364.68
17075,25165,2,934.04,1868.08
17075,749,5,113.32,566.6
2415,97298,4,309.08,1236.32
5074,22240,4,829.82,3319.28
5074,82266,3,487.49,1462.47
5074,60060,5,122.67,613.35
5074,4682,4,247.15,988.6
5074,31814,3,851.91,2555.73
50105,41839,5,28.06,140.3
50105,32962,5,871.8,4359.0
50105,73306,1,334.59,334.59
50105,22906,5,480.13,2400.65
50105,21711,2,450.36,900.72
1703,31814,5,851.91,4259.55
1703,74920,1,697.56,697.56
1703,43812,2,818.24,1636.48
70997,8421,1,821.52,821.52
70997,32962,3,871.8,2615.4
49445,23023,3,210.07,630.21
49445,79166,2,448.06,896.12
49445,29418,2,413.42,826.84
49445,95341,5,472.25,2361.25
49445,25725,2,799.78,1599.56
26160,73019,1,425.43,425.43
26160,87279,4,320.39,1281.56
26160,25165,3,934.04,2802.12
56624,96902,1,579.84,579.84
56624,3720,3,583.8,1751.4
56624,65014,2,590.74,1181.48
56624,81490,4,666.71,2666.84
10614,32962,3,871.8,2615.4
12282,54069,4,809.7,3238.8
12282,50525,2,277.3,554.6
12282,54290,3,413.59,1240.77
4162,73564,3,870.82,2612.46
4162,43812,5,818.24,4091.2
4162,8030,2,166.83,333.66
4162,63030,5,718.94,3594.7
4162,47287,5,312.45,1562.25
62993,97841,3,15.19,45.57
62993,23023,4,210.07,840.28
62993,81140,3,489.7,1469.1
62993,31846,4,926.94,3707.76
62993,2743,3,590.52,1771.56
63035,86094,3,444.58,1333.74
63035,8421,3,821.52,2464.56
63035,8030,4,166.83,667.32
63035,54069,2,809.7,1619.4
63035,73019,4,425.43,1701.72
88921,53072,3,796.83,2390.49
88921,79166,2,448.06,896.12
88921,22906,1,480.13,480.13
76719,14539,2,689.69,1379.38
76719,75767,3,579.49,1738.47
76719,47287,4,312.45,1249.8
34841,64963,2,92.47,184.94
34841,69918,3,143.07,429.21
34841,66238,5,504.51,2522.55
34841,4682,4,247.15,988.6
34841,86094,4,444.58,1778.32
2077,32962,5,871.8,4359.0
2077,38902,3,610.92,1832.76
95683,23060,1,711.88,711.88
95683,30584,5,326.01,1630.05
83070,88912,4,303.64,1214.56
83070,70755,1,738.72,738.72
83070,4682,5,247.15,1235.75
83070,64963,4,92.47,369.88
37123,1358,2,564.38,1128.76
37123,48757,2,37.0,74.0
37123,89630,4,952.52,3810.08
25859,73019,1,425.43,425.43
3064,23060,4,711.88,2847.52
12265,6272,3,446.76,1340.28
63966,50525,3,277.3,831.9
63966,31814,3,851.91,2555.73
63966,82670,4,231.32,925.28
63966,52143,2,795.87,1591.74
56651,65545,3,982.4,2947.2
56651,18058,5,897.36,4486.8
17901,31846,4,926.94,3707.76
17901,32073,3,69.44,208.32
12705,25725,4,799.78,3199.12
12705,35261,2,897.23,1794.46
12705,14575,1,122.21,122.21
12705,80596,1,445.54,445.54
12705,8030,3,166.83,500.49
36792,54290,5,413.59,2067.95
36792,73019,2,425.43,850.86
36792,35261,3,897.23,2691.69
36792,65831,5,822.4,4112.0
55108,27620,2,465.29,930.58
55108,87279,3,320.39,961.17
55108,64963,4,92.47,369.88
94841,80882,5,625.02,3125.1
94841,69918,2,143.07,286.14
94841,16063,4,101.37,405.48
94841,8030,4,166.83,667.32
94841,25725,2,799.78,1599.56
11482,35261,5,897.23,4486.15
21479,81140,4,489.7,1958.8
21479,52143,3,795.87,2387.61
21479,82670,2,231.32,462.64
8106,31814,4,851.91,3407.64
8106,1358,3,564.38,1693.14
8106,35261,1,897.23,897.23
2025,16003,1,901.64,901.64
2025,14539,2,689.69,1379.38
2025,88363,2,706.47,1412.94
2025,73306,3,334.59,1003.77
2025,73564,5,870.82,4354.1
38548,88363,3,706.47,2119.41
38548,88570,1,877.73,877.73
38548,80596,5,445.54,2227.7
38548,75767,5,579.49,2897.45
38548,32962,4,871.8,3487.2
79952,85302,3,148.52,445.56
79952,89630,1,952.52,952.52
33775,84121,4,716.26,2865.04
95232,75767,1,579.49,579.49
95232,88570,2,877.73,1755.46
95232,1358,2,564.38,1128.76
95232,81140,3,489.7,1469.1
60537,97841,5,15.19,75.95
60537,23023,5,210.07,1050.35
60537,69918,5,143.07,715.35
60537,14539,1,689.69,689.69
60537,23060,3,711.88,2135.64
3022,63030,3,718.94,2156.82
96940,15522,2,276.76,553.52
96940,32073,1,69.44,69.44
96940,54597,3,528.11,1584.33
96940,87279,3,320.39,961.17
95563,21711,4,450.36,1801.44
95563,95341,2,472.25,944.5
95563,84650,3,148.62,445.86
95563,16003,4,901.64,3606.56
32789,14539,3,689.69,2069.07
32789,30584,4,326.01,1304.04
32789,81490,1,666.71,666.71
32789,13537,4,346.79,1387.16
32789,8030,4,166.83,667.32
85943,81826,3,724.8,2174.4
85943,32962,5,871.8,4359.0
85943,14575,1,122.21,122.21
75062,22906,3,480.13,1440.39
75062,82670,4,231.32,925.28
75062,50525,3,277.3,831.9
75062,9116,2,616.71,1233.42
37052,58992,4,606.7,2426.8
37052,14575,2,122.21,244.42
76861,49133,3,654.65,1963.95
35403,97298,3,309.08,927.24
35403,1358,3,564.38,1693.14
35403,74920,4,697.56,2790.24
75261,22906,5,480.13,2400.65
75261,97298,1,309.08,309.08
96328,38902,3,610.92,1832.76
96328,63030,3,718.94,2156.82
96328,27620,1,465.29,465.29
96328,16003,1,901.64,901.64
96328,62047,2,896.02,1792.04
31967,18058,2,897.36,1794.72
31967,8030,4,166.83,667.32
41512,73306,5,334.59,1672.95
41512,22240,2,829.82,1659.64
41512,15522,1,276.76,276.76
1109,22890,3,91.17,273.51
1109,66286,4,170.54,682.16
1109,95341,3,472.25,1416.75
1109,8030,4,166.83,667.32
1109,749,2,113.32,226.64
75375,22890,5,91.17,455.85
75375,79166,1,448.06,448.06
75375,14934,3,463.51,1390.53
75375,54597,1,528.11,528.11
75375,66286,2,170.54,341.08
26470,3720,1,583.8,583.8
26470,14539,2,689.69,1379.38
26470,16927,2,948.45,1896.9
26470,52143,1,795.87,795.87
5856,87279,5,320.39,1601.95
89511,60060,1,122.67,122.67
538,54597,5,528.11,2640.55
538,45676,2,489.95,979.9
538,81140,2,489.7,979.4
538,88570,3,877.73,2633.19
3220,47287,3,312.45,937.35
3220,80596,3,445.54,1336.62
3220,21711,3,450.36,1351.08
56702,30413,1,117.29,117.29
79492,62047,5,896.02,4480.1
98178,32104,3,866.11,2598.33
12432,14934,1,463.51,463.51
38681,23023,2,210.07,420.14
38681,89630,3,952.52,2857.56
38681,87279,2,320.39,640.78
74999,23060,5,711.88,3559.4
74999,49133,2,654.65,1309.3
74999,18058,5,897.36,4486.8
74999,45676,2,489.95,979.9
74999,73306,4,334.59,1338.36
41206,52143,3,795.87,2387.61
41206,14539,1,689.69,689.69
41206,69918,4,143.07,572.28
99608,38902,3,610.92,1832.76
99608,29418,4,413.42,1653.68
99608,65014,1,590.74,590.74
99608,73306,5,334.59,1672.95
99608,749,1,113.32,113.32
50759,21711,4,450.36,1801.44
50759,95341,4,472.25,1889.0
72251,85302,5,148.52,742.6
89992,16003,5,901.64,4508.2
89992,82802,4,976.29,3905.16
89992,54069,5,809.7,4048.5
89992,9116,4,616.71,2466.84
89992,48992,2,482.35,964.7
666,45676,2,489.95,979.9
666,84121,4,716.26,2865.04
666,14575,4,122.21,488.84
48076,38902,2,610.92,1221.84
78710,82266,2,487.49,974.98
34804,79166,3,448.06,1344.18
34804,97841,4,15.19,60.76
34804,27620,2,465.29,930.58
34804,54290,1,413.59,413.59
75679,22906,5,480.13,2400.65
75679,87279,2,320.39,640.78
81894,15522,5,276.76,1383.8
81894,75767,1,579.49,579.49
81894,67082,5,142.75,713.75
67670,749,1,113.32,113.32
43701,29297,1,375.89,375.89
43701,31846,4,926.94,3707.76
43701,70755,2,738.72,1477.44
25535,30413,3,117.29,351.87
25535,81140,3,489.7,1469.1
25535,13537,2,346.79,693.58
92431,64963,1,92.47,92.47
92431,16927,3,948.45,2845.35
28604,2743,5,590.52,2952.6
28604,15522,5,276.76,1383.8
28604,64963,3,92.47,277.41
28604,73019,5,425.43,2127.15
28275,9116,5,616.71,3083.55
74325,82802,3,976.29,2928.87
74325,81140,1,489.7,489.7
74325,82266,4,487.49,1949.96
50283,21711,4,450.36,1801.44
50283,56844,5,712.49,3562.45
50283,16927,1,948.45,948.45
50283,29297,5,375.89,1879.45
50283,30413,4,117.29,469.16
58410,30584,2,326.01,652.02
51354,67082,1,142.75,142.75
37112,9116,1,616.71,616.71
37112,54069,4,809.7,3238.8
37112,38902,1,610.92,610.92
97506,73306,2,334.59,669.18
94968,75767,3,579.49,1738.47
94968,60060,3,122.67,368.01
73396,82266,5,487.49,2437.45
73396,97841,3,15.19,45.57
73396,82670,1,231.32,231.32
28086,82802,4,976.29,3905.16
28086,84650,3,148.62,445.86
28086,82670,5,231.32,1156.6
28086,66238,4,504.51,2018.04
77987,23060,2,711.88,1423.76
77987,41839,2,28.06,56.12
77987,48992,3,482.35,1447.05
77987,69918,5,143.07,715.35
79268,74920,1,697.56,697.56
33950,45676,1,489.95,489.95
39231,25165,2,934.04,1868.08
39231,85302,5,148.52,742.6
20515,62047,1,896.02,896.02
20515,65831,4,822.4,3289.6
20515,36815,3,214.84,644.52
20515,81826,4,724.8,2899.2
20515,30584,5,326.01,1630.05
81412,22240,3,829.82,2489.46
60643,73306,2,334.59,669.18
60643,21711,2,450.36,900.72
60643,65831,5,822.4,4112.0
60643,8421,1,821.52,821.52
44289,36815,3,214.84,644.52
44289,81826,5,724.8,3624.0
44289,65545,3,982.4,2947.2
44289,30584,1,326.01,326.01
44289,3720,3,583.8,1751.4
85024,81140,4,489.7,1958.8
85024,35261,5,897.23,4486.15
85024,13747,2,105.41,210.82
85024,50525,3,277.3,831.9
71780,47287,5,312.45,1562.25
71780,75767,2,579.49,1158.98
71780,31846,4,926.94,3707.76
71780,3720,2,583.8,1167.6
22664,74920,2,697.56,1395.12
77572,66238,2,504.51,1009.02
84132,22906,3,480.13,1440.39
16279,1358,4,564.38,2257.52
16279,53072,2,796.83,1593.66
16279,70755,5,738.72,3693.6
75473,74822,5,884.09,4420.45
75473,82670,1,231.32,231.32
75473,54069,5,809.7,4048.5
75473,23060,5,711.88,3559.4
3622,49133,5,654.65,3273.25
3622,80882,4,625.02,2500.08
3622,65831,5,822.4,4112.0
3622,13537,5,346.79,1733.95
40299,88363,5,706.47,3532.35
40299,67082,5,142.75,713.75
43433,88912,3,303.64,910.92
43433,14934,1,463.51,463.51
43433,49133,5,654.65,3273.25
43433,84121,1,716.26,716.26
50577,23060,5,711.88,3559.4
50577,62047,4,896.02,3584.08
76891,14575,2,122.21,244.42
76891,89630,5,952.52,4762.6
76891,63030,5,718.94,3594.7
76891,38902,4,610.92,2443.68
74253,74822,5,884.09,4420.45
74253,30413,4,117.29,469.16
74253,22240,5,829.82,4149.1
74253,32104,5,866.11,4330.55
62225,81490,1,666.71,666.71
62225,66238,3,504.51,1513.53
62225,14539,1,689.69,689.69
62225,4682,4,247.15,988.6
42179,89630,1,952.52,952.52
42179,6272,5,446.76,2233.8
59682,29297,2,375.89,751.78
59682,749,5,113.32,566.6
59682,38902,3,610.92,1832.76
59682,74920,4,697.56,2790.24
59682,14539,2,689.69,1379.38
25663,96902,3,579.84,1739.52
25663,25165,4,934.04,3736.16
72395,14934,1,463.51,463.51
67796,8030,5,166.83,834.15
64696,44839,5,731.08,3655.4
50201,65545,3,982.4,2947.2
50201,31846,2,926.94,1853.88
50201,32962,1,871.8,871.8
50201,8030,1,166.83,166.83
50201,84121,3,716.26,2148.78
67609,749,4,113.32,453.28
67609,89630,2,952.52,1905.04
67609,73019,4,425.43,1701.72
67609,86094,3,444.58,1333.74
37880,81140,3,489.7,1469.1
37880,56844,2,712.49,1424.98
37880,52143,2,795.87,1591.74
37880,75767,1,579.49,579.49
67359,85302,1,148.52,148.52
67359,65014,5,590.74,2953.7
67359,66286,1,170.54,170.54
67359,82802,2,976.29,1952.58
49467,87279,5,320.39,1601.95
49467,21711,1,450.36,450.36
49467,32962,1,871.8,871.8
49467,13537,1,346.79,346.79
49467,66238,4,504.51,2018.04
67635,30413,1,117.29,117.29
67635,16063,5,101.37,506.85
67635,1358,4,564.38,2257.52
67635,23023,2,210.07,420.14
67635,65014,1,590.74,590.74
88801,45659,3,471.76,1415.28
88801,14575,4,122.21,488.84
71764,2743,1,590.52,590.52
71764,32073,3,69.44,208.32
71764,63030,4,718.94,2875.76
71764,82266,4,487.49,1949.96
71764,35261,5,897.23,4486.15
95172,30413,3,117.29,351.87
95172,14539,4,689.69,2758.76
34173,97298,2,309.08,618.16
34173,95341,2,472.25,944.5
34173,54597,4,528.11,2112.44
95693,13747,5,105.41,527.05
74678,82266,5,487.49,2437.45
74678,80596,4,445.54,1782.16
74678,3720,1,583.8,583.8
57843,48757,3,37.0,111.0
57843,88363,3,706.47,2119.41
57843,30413,1,117.29,117.29
57843,29297,5,375.89,1879.45
57843,74822,5,884.09,4420.45
75177,65545,1,982.4,982.4
77025,88912,3,303.64,910.92
77025,16063,4,101.37,405.48
72,69918,2,143.07,286.14
72,62047,4,896.02,3584.08
37876,41839,3,28.06,84.18
37876,81826,5,724.8,3624.0
37876,69918,5,143.07,715.35
37876,84121,3,716.26,2148.78
37876,16063,3,101.37,304.11
57022,9116,5,616.71,3083.55
57022,16063,3,101.37,304.11
57022,25165,2,934.04,1868.08
57022,14575,1,122.21,122.21
53768,27620,4,465.29,1861.16
51628,35261,4,897.23,3588.92
51628,81140,3,489.7,1469.1
44524,16003,2,901.64,1803.28
44524,31846,4,926.94,3707.76
44524,4682,2,247.15,494.3
44524,86094,2,444.58,889.16
62003,32073,4,69.44,277.76
62003,70755,1,738.72,738.72
62003,47287,5,312.45,1562.25
62003,54597,2,528.11,1056.22
29306,69918,5,143.07,715.35
29306,29418,5,413.42,2067.1
29306,3720,1,583.8,583.8
29306,81826,1,724.8,724.8
6133,80882,2,625.02,1250.04
6133,88912,5,303.64,1518.2
6133,87279,2,320.39,640.78
6133,48757,2,37.0,74.0
44669,749,4,113.32,453.28
44669,84650,3,148.62,445.86
75236,87279,3,320.39,961.17
75236,18058,1,897.36,897.36
75236,14539,2,689.69,1379.38
75236,38902,4,610.92,2443.68
7622,97298,3,309.08,927.24
70257,47287,2,312.45,624.9
70257,84121,5,716.26,3581.3
3965,73306,4,334.59,1338.36
3965,22906,3,480.13,1440.39
3965,29297,3,375.89,1127.67
55807,84121,3,716.26,2148.78
55807,63030,1,718.94,718.94
55807,54597,4,528.11,2112.44
55807,88912,1,303.64,303.64
80622,22890,4,91.17,364.68
80622,88570,1,877.73,877.73
80622,23023,5,210.07,1050.35
80622,25725,1,799.78,799.78
80622,96902,5,579.84,2899.2
41666,81140,2,489.7,979.4
41666,88570,3,877.73,2633.19
41666,82670,5,231.32,1156.6
41666,6272,3,446.76,1340.28
41666,85302,1,148.52,148.52
69463,65014,4,590.74,2362.96
69463,16063,5,101.37,506.85
69463,15522,2,276.76,553.52
69463,30413,3,117.29,351.87
26768,35261,2,897.23,1794.46
26768,22906,5,480.13,2400.65
26768,18058,2,897.36,1794.72
26768,82802,4,976.29,3905.16
32864,13747,1,105.41,105.41
32864,16063,3,101.37,304.11
32864,22890,2,91.17,182.34
32864,88912,2,303.64,607.28
12273,31814,2,851.91,1703.82
12273,81140,2,489.7,979.4
12273,25165,3,934.04,2802.12
12273,44839,5,731.08,3655.4
12273,45659,4,471.76,1887.04
18997,54069,5,809.7,4048.5
54483,88363,2,706.47,1412.94
54483,30584,5,326.01,1630.05
61547,3720,5,583.8,2919.0
61547,21711,1,450.36,450.36
61547,66286,2,170.54,341.08
61547,22240,2,829.82,1659.64
61547,31846,4,926.94,3707.76
93400,73564,4,870.82,3483.28
93400,16927,3,948.45,2845.35
93400,96902,4,579.84,2319.36
93400,14934,3,463.51,1390.53
93400,48757,5,37.0,185.0
16540,38902,5,610.92,3054.6
16540,74920,4,697.56,2790.24
16540,16927,1,948.45,948.45
16540,62047,4,896.02,3584.08
16540,65014,5,590.74,2953.7
36503,80596,5,445.54,2227.7
36503,31814,4,851.91,3407.64
36503,79759,5,553.92,2769.6
36503,49133,3,654.65,1963.95
36503,52143,4,795.87,3183.48
82334,85302,4,148.52,594.08
82334,48992,1,482.35,482.35
82334,4682,5,247.15,1235.75
45110,96902,1,579.84,579.84
30774,60060,5,122.67,613.35
30774,66238,3,504.51,1513.53
30774,3720,1,583.8,583.8
30774,79759,3,553.92,1661.76
30774,75767,3,579.49,1738.47
49431,29297,3,375.89,1127.67
49431,86094,2,444.58,889.16
91027,84121,2,716.26,1432.52
88572,13747,2,105.41,210.82
88572,73306,3,334.59,1003.77
88572,85302,1,148.52,148.52
32725,1358,1,564.38,564.38
32725,2743,2,590.52,1181.04
32725,13537,5,346.79,1733.95
8588,56844,5,712.49,3562.45
8588,3720,3,583.8,1751.4
8588,14934,4,463.51,1854.04
8588,29297,3,375.89,1127.67
9224,16927,4,948.45,3793.8
9224,54290,5,413.59,2067.95
9224,4682,4,247.15,988.6
9224,81490,3,666.71,2000.13
9224,48992,1,482.35,482.35
71484,88570,4,877.73,3510.92
71484,32104,3,866.11,2598.33
71484,14934,4,463.51,1854.04
71484,1358,4,564.38,2257.52
71484,36815,1,214.84,214.84
62811,45659,4,471.76,1887.04
57035,32073,4,69.44,277.76
57035,31846,5,926.94,4634.7
57035,65014,3,590.74,1772.22
88013,6272,5,446.76,2233.8
88013,73306,4,334.59,1338.36
88013,70755,5,738.72,3693.6
88013,25165,1,934.04,934.04
88013,60060,1,122.67,122.67
84065,54069,5,809.7,4048.5
84065,80596,4,445.54,1782.16
58860,43812,4,818.24,3272.96
32298,67082,4,142.75,571.0
32298,80882,2,625.02,1250.04
32298,97841,5,15.19,75.95
95326,3720,2,583.8,1167.6
95326,73019,3,425.43,1276.29
95326,97841,5,15.19,75.95
95326,79166,4,448.06,1792.24
95326,1358,2,564.38,1128.76
70253,32962,1,871.8,871.8
70253,79759,5,553.92,2769.6
70253,2743,5,590.52,2952.6
69079,32962,4,871.8,3487.2
69079,22906,5,480.13,2400.65
69079,14539,1,689.69,689.69
69079,49133,5,654.65,3273.25
69079,64963,3,92.47,277.41
28743,45659,2,471.76,943.52
28743,32962,1,871.8,871.8
28743,18058,4,897.36,3589.44
37456,45659,5,471.76,2358.8
37456,30584,2,326.01,652.02
37456,87279,3,320.39,961.17
37456,749,2,113.32,226.64
30481,62047,1,896.02,896.02
30481,53079,5,276.99,1384.95
30170,32962,1,871.8,871.8
30170,54597,5,528.11,2640.55
30170,58992,5,606.7,3033.5
30170,97298,4,309.08,1236.32
64479,62047,5,896.02,4480.1
42316,45676,3,489.95,1469.85
42316,60060,3,122.67,368.01
42316,44839,2,731.08,1462.16
16405,8030,5,166.83,834.15
8792,66286,4,170.54,682.16
8792,9116,5,616.71,3083.55
8792,80882,3,625.02,1875.06
66628,81490,3,666.71,2000.13
49353,22890,4,91.17,364.68
49353,13537,5,346.79,1733.95
21618,22906,4,480.13,1920.52
21618,52143,2,795.87,1591.74
21618,25725,4,799.78,3199.12
88174,16063,4,101.37,405.48
88174,1358,3,564.38,1693.14
88174,30584,2,326.01,652.02
88174,67082,5,142.75,713.75
87547,4682,3,247.15,741.45
87547,2743,4,590.52,2362.08
87547,21711,1,450.36,450.36
87547,25165,4,934.04,3736.16
87547,14934,3,463.51,1390.53
95123,75767,2,579.49,1158.98
95123,29418,2,413.42,826.84
95123,48992,2,482.35,964.7
95123,16927,2,948.45,1896.9
95123,31846,3,926.94,2780.82
94032,43812,5,818.24,4091.2
94032,75767,3,579.49,1738.47
94032,88912,5,303.64,1518.2
61130,60060,4,122.67,490.68
61130,81490,4,666.71,2666.84
61130,95341,2,472.25,944.5
61130,48757,2,37.0,74.0
61130,74822,3,884.09,2652.27
92286,45659,3,471.76,1415.28
92286,6574,5,254.26,1271.3
92286,29418,2,413.42,826.84
30864,82802,2,976.29,1952.58
30864,41839,4,28.06,112.24
30864,13537,2,346.79,693.58
47457,48992,3,482.35,1447.05
47457,58992,2,606.7,1213.4
47457,36815,3,214.84,644.52
2445,89630,2,952.52,1905.04
2445,30584,1,326.01,326.01
2445,73306,5,334.59,1672.95
71565,14934,4,463.51,1854.04
57706,73306,4,334.59,1338.36
57706,16063,3,101.37,304.11
57706,13537,5,346.79,1733.95
88750,13747,4,105.41,421.64
88750,53079,3,276.99,830.97
88750,32073,2,69.44,138.88
88750,27620,4,465.29,1861.16
88750,41839,2,28.06,56.12
77332,9116,2,616.71,1233.42
77332,73306,2,334.59,669.18
77332,2743,5,590.52,2952.6
83047,54069,3,809.7,2429.1
83047,89630,5,952.52,4762.6
83047,16003,5,901.64,4508.2
93897,56844,5,712.49,3562.45
93897,80882,2,625.02,1250.04
93897,73019,3,425.43,1276.29
93897,97298,1,309.08,309.08
93897,79166,2,448.06,896.12
85280,23060,5,711.88,3559.4
85280,84650,2,148.62,297.24
85280,4682,3,247.15,741.45
85280,48757,3,37.0,111.0
85280,84121,1,716.26,716.26
14474,65014,2,590.74,1181.48
14474,65545,4,982.4,3929.6
14474,9116,2,616.71,1233.42
14474,1358,3,564.38,1693.14
14474,89630,3,952.52,2857.56
39380,25165,5,934.04,4670.2
39380,82266,2,487.49,974.98
39380,74822,4,884.09,3536.36
39380,95341,5,472.25,2361.25
1867,65545,2,982.4,1964.8
1867,30584,2,326.01,652.02
1867,27620,5,465.29,2326.45
1867,79166,5,448.06,2240.3
38843,35261,2,897.23,1794.46
38843,16063,2,101.37,202.74
38843,65831,3,822.4,2467.2
38843,8030,3,166.83,500.49
69343,4682,5,247.15,1235.75
74068,73564,5,870.82,4354.1
32194,16003,2,901.64,1803.28
32194,44839,3,731.08,2193.24
32194,32073,4,69.44,277.76
32194,14934,4,463.51,1854.04
32194,95341,4,472.25,1889.0
78925,8030,1,166.83,166.83
78925,32962,4,871.8,3487.2
78925,97841,4,15.19,60.76
8490,48757,5,37.0,185.0
8490,73306,5,334.59,1672.95
8490,48992,1,482.35,482.35
89496,73019,2,425.43,850.86
2312,54290,1,413.59,413.59
89568,81140,4,489.7,1958.8
89568,6574,1,254.26,254.26
89568,62047,2,896.02,1792.04
89568,25725,2,799.78,1599.56
89568,87279,3,320.39,961.17
35020,73306,3,334.59,1003.77
35020,45659,3,471.76,1415.28
7046,75767,1,579.49,579.49
7046,35261,1,897.23,897.23
7046,79759,1,553.92,553.92
7046,69918,1,143.07,143.07
45959,25165,4,934.04,3736.16
45959,25725,4,799.78,3199.12
45959,70755,1,738.72,738.72
45959,23060,2,711.88,1423.76
45959,8421,3,821.52,2464.56
56412,82266,3,487.49,1462.47
56412,47287,4,312.45,1249.8
56412,54597,4,528.11,2112.44
56412,73019,5,425.43,2127.15
56412,16003,5,901.64,4508.2
74526,15522,2,276.76,553.52
74526,48757,5,37.0,185.0
74526,16927,1,948.45,948.45
74526,21711,1,450.36,450.36
74526,86094,5,444.58,2222.9
24697,13537,2,346.79,693.58
24157,31846,3,926.94,2780.82
42894,85302,3,148.52,445.56
42894,73306,2,334.59,669.18
42894,87279,3,320.39,961.17
42894,79166,4,448.06,1792.24
23157,749,1,113.32,113.32
23157,25165,2,934.04,1868.08
95467,31814,2,851.91,1703.82
95467,32962,3,871.8,2615.4
95467,45676,3,489.95,1469.85
95467,15522,1,276.76,276.76
6273,69918,5,143.07,715.35
6273,82802,2,976.29,1952.58
6273,85302,3,148.52,445.56
5515,69918,2,143.07,286.14
5515,32073,1,69.44,69.44
5515,23023,5,210.07,1050.35
43537,22890,4,91.17,364.68
46119,62047,2,896.02,1792.04
46119,25725,3,799.78,2399.34
33743,88912,5,303.64,1518.2
33743,18058,2,897.36,1794.72
22456,45676,3,489.95,1469.85
22456,73564,1,870.82,870.82
7732,56844,1,712.49,712.49
32050,1358,1,564.38,564.38
32050,27620,1,465.29,465.29
32050,36815,4,214.84,859.36
32050,58992,3,606.7,1820.1
32050,32104,3,866.11,2598.33
94360,25725,1,799.78,799.78
94360,14539,2,689.69,1379.38
94360,73019,3,425.43,1276.29
39658,22240,4,829.82,3319.28
39658,82802,1,976.29,976.29
39658,29418,5,413.42,2067.1
39658,73019,5,425.43,2127.15
39658,66286,5,170.54,852.7
59164,8421,4,821.52,3286.08
59164,79759,2,553.92,1107.84
59164,48992,1,482.35,482.35
59164,97841,4,15.19,60.76
46930,31814,1,851.91,851.91
46930,53079,1,276.99,276.99
46930,23060,1,711.88,711.88
46930,80882,4,625.02,2500.08
46930,8030,2,166.83,333.66
97697,54290,2,413.59,827.18
97697,9116,4,616.71,2466.84
97697,22240,3,829.82,2489.46
97697,70755,5,738.72,3693.6
81423,31814,1,851.91,851.91
81423,73564,2,870.82,1741.64
81423,49133,1,654.65,654.65
69244,81826,5,724.8,3624.0
69244,31814,1,851.91,851.91
69244,79166,4,448.06,1792.24
69244,54290,3,413.59,1240.77
69244,23060,1,711.88,711.88
57446,50525,5,277.3,1386.5
57446,22890,1,91.17,91.17
57446,52143,5,795.87,3979.35
97399,27620,1,465.29,465.29
97399,31814,5,851.91,4259.55
97399,97298,4,309.08,1236.32
97399,13537,4,346.79,1387.16
97399,82802,2,976.29,1952.58
33964,32104,2,866.11,1732.22
33964,36815,2,214.84,429.68
33964,74822,2,884.09,1768.18
79213,29297,1,375.89,375.89
79213,52143,5,795.87,3979.35
99750,25165,4,934.04,3736.16
99750,8421,4,821.52,3286.08
99750,75767,1,579.49,579.49
99750,32073,5,69.44,347.2
15920,69918,3,143.07,429.21
15920,48992,4,482.35,1929.4
59572,60060,2,122.67,245.34
59572,32962,1,871.8,871.8
59572,48757,2,37.0,74.0
59572,31846,3,926.94,2780.82
59572,84650,5,148.62,743.1
30757,65014,5,590.74,2953.7
30757,65545,2,982.4,1964.8
30757,45659,3,471.76,1415.28
30757,73306,4,334.59,1338.36
13690,749,1,113.32,113.32
13690,29418,4,413.42,1653.68
13690,69918,5,143.07,715.35
11429,64963,2,92.47,184.94
11429,32104,4,866.11,3464.44
49152,88363,4,706.47,2825.88
49152,84121,1,716.26,716.26
49152,89630,5,952.52,4762.6
81376,52143,1,795.87,795.87
81376,95341,4,472.25,1889.0
74953,22240,4,829.82,3319.28
74953,749,3,113.32,339.96
74953,30584,4,326.01,1304.04
74953,29418,4,413.42,1653.68
74953,88363,2,706.47,1412.94
37824,79166,5,448.06,2240.3
37824,47287,3,312.45,937.35
37824,32962,1,871.8,871.8
37824,81826,5,724.8,3624.0
37824,82802,3,976.29,2928.87
80862,3720,5,583.8,2919.0
80862,27620,2,465.29,930.58
80862,79759,5,553.92,2769.6
80862,66286,4,170.54,682.16
80862,41839,3,28.06,84.18
42571,54290,3,413.59,1240.77
42571,749,1,113.32,113.32
42571,88912,3,303.64,910.92
35774,79759,2,553.92,1107.84
35774,32962,4,871.8,3487.2
35774,3720,4,583.8,2335.2
35774,29297,3,375.89,1127.67
35774,73019,4,425.43,1701.72
69868,64963,2,92.47,184.94
69868,56844,5,712.49,3562.45
69868,54597,3,528.11,1584.33
69868,52143,1,795.87,795.87
56971,27620,2,465.29,930.58
56971,35261,1,897.23,897.23
56971,47287,3,312.45,937.35
56971,4682,4,247.15,988.6
56971,14539,1,689.69,689.69
12507,14539,2,689.69,1379.38
12507,85302,1,148.52,148.52
12507,73306,2,334.59,669.18
12507,32073,3,69.44,208.32
66380,81490,1,666.71,666.71
66380,82802,4,976.29,3905.16
66380,64963,2,92.47,184.94
66380,25725,2,799.78,1599.56
66380,3720,1,583.8,583.8
60371,18058,3,897.36,2692.08
41089,14934,5,463.51,2317.55
41089,74920,4,697.56,2790.24
41089,30413,5,117.29,586.45
41089,75767,3,579.49,1738.47
41089,73306,1,334.59,334.59
49610,35261,1,897.23,897.23
49610,41839,1,28.06,28.06
49610,81826,5,724.8,3624.0
49610,65545,5,982.4,4912.0
33773,73564,3,870.82,2612.46
33773,2743,1,590.52,590.52
17125,67082,3,142.75,428.25
17125,44839,1,731.08,731.08
17125,88363,1,706.47,706.47
17125,54290,3,413.59,1240.77
9885,86094,4,444.58,1778.32
9885,23060,1,711.88,711.88
9885,75767,2,579.49,1158.98
9885,8421,2,821.52,1643.04
9885,1358,5,564.38,2821.9
63065,16063,4,101.37,405.48
63065,22906,2,480.13,960.26
63065,54290,1,413.59,413.59
63065,14575,4,122.21,488.84
55649,22240,2,829.82,1659.64
55649,52143,2,795.87,1591.74
55649,30413,1,117.29,117.29
92149,81490,2,666.71,1333.42
92149,69918,1,143.07,143.07
20695,32104,1,866.11,866.11
20695,81490,1,666.71,666.71
66540,25165,5,934.04,4670.2
66540,74822,2,884.09,1768.18
83238,2743,1,590.52,590.52
83238,96902,2,579.84,1159.68
83065,84650,3,148.62,445.86
83065,89630,2,952.52,1905.04
83065,8030,1,166.83,166.83
38654,81826,1,724.8,724.8
84790,84121,4,716.26,2865.04
84790,67082,1,142.75,142.75
53683,3720,5,583.8,2919.0
53683,27620,3,465.29,1395.87
53683,38902,3,610.92,1832.76
59766,22906,3,480.13,1440.39
59766,50525,5,277.3,1386.5
59766,38902,5,610.92,3054.6
59766,66238,5,504.51,2522.55
59766,89630,3,952.52,2857.56
24326,32962,1,871.8,871.8
27399,36815,3,214.84,644.52
27399,15522,3,276.76,830.28
27399,49133,4,654.65,2618.6
27399,75767,3,579.49,1738.47
12399,29418,5,413.42,2067.1
12399,88363,2,706.47,1412.94
12399,66238,5,504.51,2522.55
12399,6574,1,254.26,254.26
10992,29418,2,413.42,826.84
71634,6574,5,254.26,1271.3
71634,97298,4,309.08,1236.32
71634,32962,3,871.8,2615.4
71634,63030,5,718.94,3594.7
42502,32073,3,69.44,208.32
42502,32104,1,866.11,866.11
42502,21711,1,450.36,450.36
42502,84650,3,148.62,445.86
45483,53079,2,276.99,553.98
45483,97841,2,15.19,30.38
45483,36815,3,214.84,644.52
45483,70755,1,738.72,738.72
45483,22906,1,480.13,480.13
99440,48757,2,37.0,74.0
99440,65014,2,590.74,1181.48
99440,86094,4,444.58,1778.32
99440,30413,1,117.29,117.29
99440,66286,3,170.54,511.62
89240,80882,2,625.02,1250.04
89240,49133,3,654.65,1963.95
89240,54069,4,809.7,3238.8
89240,32962,5,871.8,4359.0
2808,18058,2,897.36,1794.72
2808,47287,1,312.45,312.45
2808,14575,5,122.21,611.05
2808,89630,3,952.52,2857.56
59445,88363,1,706.47,706.47
59445,53079,4,276.99,1107.96
59445,60060,1,122.67,122.67
22460,56844,4,712.49,2849.96
22460,82802,4,976.29,3905.16
22460,4682,5,247.15,1235.75
67185,13537,2,346.79,693.58
67185,36815,4,214.84,859.36
67185,73306,2,334.59,669.18
88073,62047,3,896.02,2688.06
88073,84121,5,716.26,3581.3
88073,96902,3,579.84,1739.52
97178,82266,3,487.49,1462.47
97178,66238,1,504.51,504.51
97178,88363,1,706.47,706.47
73448,32104,4,866.11,3464.44
73448,62047,5,896.02,4480.1
73448,85302,2,148.52,297.04
73448,86094,3,444.58,1333.74
73448,70755,3,738.72,2216.16
95455,97841,1,15.19,15.19
95455,45676,5,489.95,2449.75
80353,30413,3,117.29,351.87
78707,16927,1,948.45,948.45
45021,53072,4,796.83,3187.32
45021,23060,3,711.88,2135.64
45021,8421,2,821.52,1643.04
94025,85302,1,148.52,148.52
94025,86094,1,444.58,444.58
94025,44839,3,731.08,2193.24
94025,65014,4,590.74,2362.96
15697,66238,1,504.51,504.51
15697,53072,3,796.83,2390.49
95817,82802,1,976.29,976.29
95817,53079,1,276.99,276.99
95817,54290,1,413.59,413.59
29168,31814,1,851.91,851.91
32866,65545,2,982.4,1964.8
32866,45659,5,471.76,2358.8
47938,16927,3,948.45,2845.35
42458,56844,3,712.49,2137.47
56908,54069,3,809.7,2429.1
56908,85302,1,148.52,148.52
62495,44839,2,731.08,1462.16
62495,89630,5,952.52,4762.6
62495,22906,3,480.13,1440.39
62495,95341,5,472.25,2361.25
17395,43812,3,818.24,2454.72
79031,84121,1,716.26,716.26
33388,8421,3,821.52,2464.56
33388,6272,2,446.76,893.52
86260,16927,3,948.45,2845.35
86260,47287,5,312.45,1562.25
9778,16063,4,101.37,405.48
9778,81140,2,489.7,979.4
9778,62047,1,896.02,896.02
9778,56844,2,712.49,1424.98
9778,4682,3,247.15,741.45
41598,9116,2,616.71,1233.42
41598,32104,2,866.11,1732.22
41598,30413,3,117.29,351.87
93839,82670,1,231.32,231.32
93839,81140,1,489.7,489.7
66960,82670,3,231.32,693.96
66960,97841,1,15.19,15.19
66960,54069,3,809.7,2429.1
66960,88912,2,303.64,607.28
66960,84121,5,716.26,3581.3
25965,64963,4,92.47,369.88
25965,73019,4,425.43,1701.72
28417,82266,3,487.49,1462.47
49089,54290,1,413.59,413.59
49089,29297,3,375.89,1127.67
49089,82266,2,487.49,974.98
49089,14575,5,122.21,611.05
33107,88363,2,706.47,1412.94
33107,21711,3,450.36,1351.08
88477,80596,4,445.54,1782.16
88477,75767,2,579.49,1158.98
67136,25165,2,934.04,1868.08
67136,6272,3,446.76,1340.28
67136,73019,1,425.43,425.43
63452,8421,4,821.52,3286.08
63452,74920,4,697.56,2790.24
63452,63030,1,718.94,718.94
63452,6272,2,446.76,893.52
34443,86094,4,444.58,1778.32
36101,49133,1,654.65,654.65
36101,89630,4,952.52,3810.08
36101,65014,1,590.74,590.74
36101,36815,2,214.84,429.68
36101,52143,3,795.87,2387.61
76218,87279,5,320.39,1601.95
76218,44839,1,731.08,731.08
76218,32073,1,69.44,69.44
76218,64963,5,92.47,462.35
76218,73564,5,870.82,4354.1
79260,16927,3,948.45,2845.35
79260,81140,5,489.7,2448.5
79260,88363,1,706.47,706.47
6139,43812,1,818.24,818.24
6139,2743,3,590.52,1771.56
6139,38902,1,610.92,610.92
81849,48992,1,482.35,482.35
81849,87279,1,320.39,320.39
81849,66238,4,504.51,2018.04
98028,1358,3,564.38,1693.14
98028,81826,4,724.8,2899.2
98028,63030,5,718.94,3594.7
98028,60060,1,122.67,122.67
44742,88912,2,303.64,607.28
44742,8030,5,166.83,834.15
44742,48992,1,482.35,482.35
47548,81490,1,666.71,666.71
52681,62047,3,896.02,2688.06
52681,74920,2,697.56,1395.12
52681,32962,5,871.8,4359.0
15154,54069,2,809.7,1619.4
87271,18058,2,897.36,1794.72
87271,31814,1,851.91,851.91
29027,32073,2,69.44,138.88
29027,25165,2,934.04,1868.08
29027,85302,1,148.52,148.52
66460,23023,1,210.07,210.07
66460,32104,5,866.11,4330.55
66460,32962,4,871.8,3487.2
66460,14934,1,463.51,463.51
26766,86094,5,444.58,2222.9
83104,13747,1,105.41,105.41
83104,53072,3,796.83,2390.49
83104,22240,1,829.82,829.82
22654,45659,3,471.76,1415.28
22654,54597,4,528.11,2112.44
22654,88363,1,706.47,706.47
49339,54290,5,413.59,2067.95
94853,32104,5,866.11,4330.55
94853,16927,1,948.45,948.45
94853,65014,5,590.74,2953.7
94853,27620,3,465.29,1395.87
43315,80596,4,445.54,1782.16
43315,23060,4,711.88,2847.52
43315,81490,1,666.71,666.71
43315,67082,2,142.75,285.5
43315,32073,4,69.44,277.76
50002,18058,5,897.36,4486.8
50002,56844,3,712.49,2137.47
50002,58992,2,606.7,1213.4
50002,9116,2,616.71,1233.42
86709,67082,2,142.75,285.5
86709,16927,5,948.45,4742.25
86709,74822,5,884.09,4420.45
93885,8421,3,821.52,2464.56
93885,45659,3,471.76,1415.28
93885,66238,2,504.51,1009.02
93885,32962,4,871.8,3487.2
76720,44839,4,731.08,2924.32
76077,74920,5,697.56,3487.8
76077,58992,2,606.7,1213.4
76077,23060,4,711.88,2847.52
76077,30584,4,326.01,1304.04
52616,53079,5,276.99,1384.95
52616,65014,3,590.74,1772.22
52616,65831,3,822.4,2467.2
52616,38902,1,610.92,610.92
52616,25725,4,799.78,3199.12
96075,6272,4,446.76,1787.04
96075,62047,1,896.02,896.02
96075,66286,3,170.54,511.62
96075,58992,4,606.7,2426.8
22648,53079,2,276.99,553.98
22648,86094,1,444.58,444.58
22648,4682,1,247.15,247.15
22648,66238,3,504.51,1513.53
22648,15522,3,276.76,830.28
68718,66238,4,504.51,2018.04
68718,79166,5,448.06,2240.3
49667,45676,4,489.95,1959.8
49667,14934,1,463.51,463.51
49667,14539,1,689.69,689.69
51319,62047,4,896.02,3584.08
51319,50525,4,277.3,1109.2
51319,69918,3,143.07,429.21
15873,81140,4,489.7,1958.8
15873,56844,3,712.49,2137.47
15873,73306,2,334.59,669.18
75398,97841,1,15.19,15.19
75398,89630,4,952.52,3810.08
75398,43812,1,818.24,818.24
75398,32962,2,871.8,1743.6
473,62047,3,896.02,2688.06
473,35261,3,897.23,2691.69
473,8421,5,821.52,4107.6
93066,3720,3,583.8,1751.4
18829,63030,4,718.94,2875.76
18829,81490,1,666.71,666.71
18829,73306,4,334.59,1338.36
50408,48757,2,37.0,74.0
50408,82802,5,976.29,4881.45
50408,70755,3,738.72,2216.16
50408,79759,5,553.92,2769.6
50408,29418,1,413.42,413.42
59782,65014,1,590.74,590.74
59782,21711,5,450.36,2251.8
14389,14575,5,122.21,611.05
14389,13537,2,346.79,693.58
50946,73564,1,870.82,870.82
50946,29297,5,375.89,1879.45
50946,30584,4,326.01,1304.04
50946,18058,1,897.36,897.36
78423,3720,4,583.8,2335.2
78423,82266,4,487.49,1949.96
78423,52143,1,795.87,795.87
22733,6574,5,254.26,1271.3
22733,8421,5,821.52,4107.6
55418,62047,4,896.02,3584.08
76617,80596,3,445.54,1336.62
76617,749,3,113.32,339.96
84469,48757,2,37.0,74.0
84469,84121,4,716.26,2865.04
84469,63030,3,718.94,2156.82
84469,36815,5,214.84,1074.2
86118,75767,3,579.49,1738.47
86118,9116,3,616.71,1850.13
86118,52143,1,795.87,795.87
25636,79166,5,448.06,2240.3
25636,62047,2,896.02,1792.04
25636,82802,3,976.29,2928.87
90062,69918,2,143.07,286.14
33551,16063,5,101.37,506.85
33551,27620,4,465.29,1861.16
33551,13537,5,346.79,1733.95
33551,6272,5,446.76,2233.8
40515,8030,3,166.83,500.49
40515,43812,3,818.24,2454.72
40515,75767,1,579.49,579.49
72070,16003,1,901.64,901.64
72070,54069,2,809.7,1619.4
72070,88363,4,706.47,2825.88
72070,67082,2,142.75,285.5
39183,2743,4,590.52,2362.08
39183,8421,5,821.52,4107.6
39183,87279,2,320.39,640.78
39183,84121,3,716.26,2148.78
39183,44839,4,731.08,2924.32
906,8421,2,821.52,1643.04
906,65014,3,590.74,1772.22
906,14539,3,689.69,2069.07
906,97298,4,309.08,1236.32
8069,82266,2,487.49,974.98
8069,88912,1,303.64,303.64
8069,56844,3,712.49,2137.47
22247,58992,1,606.7,606.7
22247,56844,3,712.49,2137.47
32645,13537,1,346.79,346.79
32645,65545,5,982.4,4912.0
65789,16927,3,948.45,2845.35
65789,15522,1,276.76,276.76
65789,84121,1,716.26,716.26
65789,81140,1,489.7,489.7
20100,45659,4,471.76,1887.04
20100,29297,5,375.89,1879.45
20100,96902,3,579.84,1739.52
20100,79759,2,553.92,1107.84
20100,4682,4,247.15,988.6
90242,14934,2,463.51,927.02
90242,60060,4,122.67,490.68
47630,81490,1,666.71,666.71
47630,2743,1,590.52,590.52
47630,70755,4,738.72,2954.88
80324,82266,4,487.49,1949.96
80324,54290,4,413.59,1654.36
80324,79166,1,448.06,448.06
80324,82802,5,976.29,4881.45
32325,16003,1,901.64,901.64
32325,70755,4,738.72,2954.88
32325,15522,3,276.76,830.28
32325,45676,5,489.95,2449.75
36035,62047,5,896.02,4480.1
82985,23060,3,711.88,2135.64
82985,84650,4,148.62,594.48
82985,16927,3,948.45,2845.35
18265,6272,1,446.76,446.76
18265,64963,4,92.47,369.88
18265,67082,2,142.75,285.5
18265,6574,4,254.26,1017.04
18265,74920,3,697.56,2092.68
13474,80882,1,625.02,625.02
13474,32962,3,871.8,2615.4
69747,73564,1,870.82,870.82
69747,15522,1,276.76,276.76
69747,81490,2,666.71,1333.42
58452,69918,1,143.07,143.07
97703,31814,1,851.91,851.91
12547,8421,2,821.52,1643.04
12547,48757,4,37.0,148.0
38502,96902,5,579.84,2899.2
38502,66286,3,170.54,511.62
38502,79166,4,448.06,1792.24
11532,97841,3,15.19,45.57
11532,95341,1,472.25,472.25
11532,3720,5,583.8,2919.0
11532,84121,4,716.26,2865.04
75166,73019,4,425.43,1701.72
75166,32104,5,866.11,4330.55
75166,29418,5,413.42,2067.1
75166,73306,5,334.59,1672.95
93388,86094,4,444.58,1778.32
93388,79759,4,553.92,2215.68
93388,97841,3,15.19,45.57
93388,88912,2,303.64,607.28
75833,66286,2,170.54,341.08
75833,81490,5,666.71,3333.55
75833,54069,4,809.7,3238.8
75833,53072,4,796.83,3187.32
70073,95341,1,472.25,472.25
70073,13537,2,346.79,693.58
70073,70755,1,738.72,738.72
70073,43812,2,818.24,1636.48
70073,74822,5,884.09,4420.45
65276,69918,2,143.07,286.14
65276,74822,5,884.09,4420.45
80491,30413,5,117.29,586.45
80491,56844,5,712.49,3562.45
80491,84650,1,148.62,148.62
80491,27620,4,465.29,1861.16
52606,60060,5,122.67,613.35
52606,25165,3,934.04,2802.12
52606,54069,1,809.7,809.7
20148,6272,4,446.76,1787.04
20148,23023,5,210.07,1050.35
20148,48992,5,482.35,2411.75
20148,65014,1,590.74,590.74
20148,73306,1,334.59,334.59
67907,15522,4,276.76,1107.04
67907,22240,3,829.82,2489.46
67907,79166,4,448.06,1792.24
67907,22890,1,91.17,91.17
67907,54069,5,809.7,4048.5
57121,79759,3,553.92,1661.76
12593,81490,4,666.71,2666.84
12593,29418,2,413.42,826.84
12593,48992,3,482.35,1447.05
12593,53079,2,276.99,553.98
12593,6272,3,446.76,1340.28
20006,14934,5,463.51,2317.55
20006,81826,3,724.8,2174.4
20006,31846,3,926.94,2780.82
20006,749,2,113.32,226.64
20006,63030,1,718.94,718.94
31981,25165,4,934.04,3736.16
31981,54597,3,528.11,1584.33
31981,52143,1,795.87,795.87
61835,86094,5,444.58,2222.9
60831,81826,4,724.8,2899.2
17434,75767,5,579.49,2897.45
57502,80882,5,625.02,3125.1
57502,79759,5,553.92,2769.6
57502,75767,5,579.49,2897.45
57502,6272,2,446.76,893.52
57502,82670,5,231.32,1156.6
58748,49133,4,654.65,2618.6
54217,41839,3,28.06,84.18
18928,70755,3,738.72,2216.16
32534,43812,1,818.24,818.24
32534,65014,3,590.74,1772.22
32534,81490,4,666.71,2666.84
77047,21711,4,450.36,1801.44
12653,66286,2,170.54,341.08
12653,75767,4,579.49,2317.96
12653,44839,3,731.08,2193.24
71188,9116,5,616.71,3083.55
71188,4682,4,247.15,988.6
70496,52143,2,795.87,1591.74
70496,63030,5,718.94,3594.7
70496,88570,4,877.73,3510.92
70496,16063,1,101.37,101.37
70496,45659,3,471.76,1415.28
60292,9116,3,616.71,1850.13
60292,27620,1,465.29,465.29
14383,95341,1,472.25,472.25
9210,32073,5,69.44,347.2
9210,50525,1,277.3,277.3
9210,36815,5,214.84,1074.2
33891,74920,4,697.56,2790.24
652,64963,2,92.47,184.94
652,25725,3,799.78,2399.34
79997,16927,4,948.45,3793.8
79997,29297,5,375.89,1879.45
79997,65014,4,590.74,2362.96
79997,1358,3,564.38,1693.14
79997,97298,5,309.08,1545.4
81745,60060,1,122.67,122.67
81745,14934,5,463.51,2317.55
81745,21711,5,450.36,2251.8
81745,85302,3,148.52,445.56
81745,86094,2,444.58,889.16
2970,16063,5,101.37,506.85
2970,66238,5,504.51,2522.55
59703,29418,4,413.42,1653.68
59703,65014,3,590.74,1772.22
59703,53079,4,276.99,1107.96
66376,45676,1,489.95,489.95
66376,32962,5,871.8,4359.0
15998,54069,2,809.7,1619.4
97111,81490,4,666.71,2666.84
97111,73019,4,425.43,1701.72
97111,82266,5,487.49,2437.45
97111,66238,4,504.51,2018.04
97111,16063,1,101.37,101.37
64473,81140,4,489.7,1958.8
64473,50525,5,277.3,1386.5
64473,2743,4,590.52,2362.08
64473,16063,3,101.37,304.11
64473,44839,5,731.08,3655.4
81953,65545,5,982.4,4912.0
34751,81140,2,489.7,979.4
34751,22906,5,480.13,2400.65
27278,81826,1,724.8,724.8
27278,41839,3,28.06,84.18
27278,65545,4,982.4,3929.6
27278,32073,3,69.44,208.32
23311,32104,4,866.11,3464.44
23311,95341,1,472.25,472.25
88696,749,5,113.32,566.6
88696,66286,2,170.54,341.08
88696,67082,3,142.75,428.25
88696,66238,2,504.51,1009.02
88696,35261,3,897.23,2691.69
2651,14934,5,463.51,2317.55
2651,54069,2,809.7,1619.4
11104,16927,5,948.45,4742.25
11104,74920,4,697.56,2790.24
11104,15522,4,276.76,1107.04
11104,13747,3,105.41,316.23
60408,6574,4,254.26,1017.04
60408,50525,3,277.3,831.9
60408,8421,5,821.52,4107.6
60408,25165,2,934.04,1868.08
60408,27620,3,465.29,1395.87
34032,65545,1,982.4,982.4
34032,73306,2,334.59,669.18
34032,89630,2,952.52,1905.04
34032,25165,3,934.04,2802.12
71976,66238,5,504.51,2522.55
71976,6272,2,446.76,893.52
71976,49133,1,654.65,654.65
71976,14539,3,689.69,2069.07
71976,53079,1,276.99,276.99
30653,22240,4,829.82,3319.28
30653,41839,2,28.06,56.12
30653,38902,1,610.92,610.92
30653,81140,2,489.7,979.4
30653,86094,2,444.58,889.16
71410,9116,4,616.71,2466.84
71410,56844,2,712.49,1424.98
71410,65014,5,590.74,2953.7
29130,22906,4,480.13,1920.52
3917,79166,4,448.06,1792.24
32847,22906,2,480.13,960.26
32847,97841,1,15.19,15.19
96854,54069,3,809.7,2429.1
96854,6272,1,446.76,446.76
24260,81140,5,489.7,2448.5
71482,30584,5,326.01,1630.05
71482,31814,4,851.91,3407.64
83570,95341,5,472.25,2361.25
83570,21711,3,450.36,1351.08
83570,53079,2,276.99,553.98
83570,75767,1,579.49,579.49
83570,13537,3,346.79,1040.37
20761,84650,3,148.62,445.86
20761,6272,4,446.76,1787.04
20761,54597,4,528.11,2112.44
2857,52143,1,795.87,795.87
2857,8421,3,821.52,2464.56
2857,31814,2,851.91,1703.82
2857,13537,2,346.79,693.58
2857,82670,3,231.32,693.96
629,48757,4,37.0,148.0
629,58992,3,606.7,1820.1
629,3720,5,583.8,2919.0
629,74920,4,697.56,2790.24
70382,16003,2,901.64,1803.28
5702,14575,3,122.21,366.63
5702,29418,3,413.42,1240.26
5702,48757,4,37.0,148.0
5702,22240,2,829.82,1659.64
74839,95341,3,472.25,1416.75
70476,80596,5,445.54,2227.7
14842,52143,3,795.87,2387.61
14842,8421,2,821.52,1643.04
10010,52143,5,795.87,3979.35
10010,87279,2,320.39,640.78
10010,82670,2,231.32,462.64
10010,75767,5,579.49,2897.45
20220,50525,3,277.3,831.9
20220,53079,5,276.99,1384.95
60228,16003,2,901.64,1803.28
60228,80596,3,445.54,1336.62
60228,29418,5,413.42,2067.1
60228,65545,1,982.4,982.4
78727,2743,4,590.52,2362.08
78727,29418,4,413.42,1653.68
78727,85302,3,148.52,445.56
78727,25725,5,799.78,3998.9
67475,35261,3,897.23,2691.69
67475,49133,2,654.65,1309.3
67475,14539,4,689.69,2758.76
67475,88363,5,706.47,3532.35
11272,22890,1,91.17,91.17
11272,65014,4,590.74,2362.96
89463,65831,3,822.4,2467.2
89463,8030,3,166.83,500.49
89463,45659,4,471.76,1887.04
89463,54290,4,413.59,1654.36
89463,47287,5,312.45,1562.25
83592,43812,2,818.24,1636.48
83592,23023,2,210.07,420.14
76518,89630,1,952.52,952.52
76518,29297,3,375.89,1127.67
76518,22240,2,829.82,1659.64
76518,69918,1,143.07,143.07
4704,97841,1,15.19,15.19
90181,82266,5,487.49,2437.45
90181,25165,4,934.04,3736.16
90181,21711,1,450.36,450.36
81620,16003,2,901.64,1803.28
81620,35261,2,897.23,1794.46
81620,79166,5,448.06,2240.3
81620,32104,5,866.11,4330.55
33481,80596,1,445.54,445.54
33481,45659,3,471.76,1415.28
33481,6272,3,446.76,1340.28
33481,23060,5,711.88,3559.4
33481,3720,2,583.8,1167.6
37548,49133,1,654.65,654.65
37548,82670,2,231.32,462.64
37548,31846,3,926.94,2780.82
37548,97841,4,15.19,60.76
93185,6272,4,446.76,1787.04
93185,96902,3,579.84,1739.52
93185,69918,2,143.07,286.14
67249,66238,5,504.51,2522.55
67249,79166,1,448.06,448.06
67249,82802,4,976.29,3905.16
82380,16003,4,901.64,3606.56
82380,75767,4,579.49,2317.96
82380,14539,2,689.69,1379.38
82380,48757,5,37.0,185.0
82380,23060,3,711.88,2135.64
33427,29418,2,413.42,826.84
33427,32073,1,69.44,69.44
33427,23023,1,210.07,210.07
33427,31814,1,851.91,851.91
33427,749,4,113.32,453.28
26404,96902,3,579.84,1739.52
26404,70755,1,738.72,738.72
26404,56844,1,712.49,712.49
26404,69918,2,143.07,286.14
48029,81140,5,489.7,2448.5
48029,35261,5,897.23,4486.15
7131,8421,4,821.52,3286.08
7131,6272,3,446.76,1340.28
7131,3720,2,583.8,1167.6
7131,38902,3,610.92,1832.76
45527,65545,2,982.4,1964.8
45527,45659,1,471.76,471.76
45527,18058,3,897.36,2692.08
45527,88570,3,877.73,2633.19
45527,67082,3,142.75,428.25
79282,82802,2,976.29,1952.58
79282,53072,1,796.83,796.83
79282,82670,3,231.32,693.96
79282,73019,1,425.43,425.43
37491,18058,5,897.36,4486.8
37491,22906,1,480.13,480.13
37491,79166,1,448.06,448.06
97837,54069,3,809.7,2429.1
97837,65545,1,982.4,982.4
20019,44839,3,731.08,2193.24
64858,62047,3,896.02,2688.06
64858,23060,1,711.88,711.88
64858,25725,2,799.78,1599.56
8629,21711,2,450.36,900.72
84438,87279,1,320.39,320.39
78180,43812,1,818.24,818.24
78180,14539,3,689.69,2069.07
78180,749,1,113.32,113.32
77166,53072,5,796.83,3984.15
77166,62047,5,896.02,4480.1
77166,65014,3,590.74,1772.22
77166,81140,2,489.7,979.4
52085,32073,4,69.44,277.76
52085,16003,1,901.64,901.64
52085,60060,1,122.67,122.67
52085,14934,5,463.51,2317.55
26299,749,5,113.32,566.6
26299,75767,4,579.49,2317.96
95437,22890,1,91.17,91.17
16051,80596,5,445.54,2227.7
16051,30584,5,326.01,1630.05
16051,95341,5,472.25,2361.25
43333,32962,2,871.8,1743.6
43333,74920,3,697.56,2092.68
43333,88570,4,877.73,3510.92
53017,62047,1,896.02,896.02
76313,67082,4,142.75,571.0
76313,69918,2,143.07,286.14
76313,29297,1,375.89,375.89
76313,6272,1,446.76,446.76
76313,8421,3,821.52,2464.56
95092,45676,3,489.95,1469.85
95092,16927,3,948.45,2845.35
95092,29297,1,375.89,375.89
95092,74920,1,697.56,697.56
70345,32962,2,871.8,1743.6
70345,23023,2,210.07,420.14
70345,9116,2,616.71,1233.42
50819,66238,5,504.51,2522.55
50819,97298,5,309.08,1545.4
50819,81140,4,489.7,1958.8
50819,75767,3,579.49,1738.47
81922,81490,4,666.71,2666.84
81922,36815,3,214.84,644.52
81922,49133,4,654.65,2618.6
27911,6574,2,254.26,508.52
27911,22240,3,829.82,2489.46
27911,45676,5,489.95,2449.75
38082,80596,1,445.54,445.54
38082,80882,2,625.02,1250.04
89442,25165,1,934.04,934.04
65318,15522,3,276.76,830.28
65318,80596,1,445.54,445.54
65318,66286,4,170.54,682.16
73391,62047,4,896.02,3584.08
73391,74822,4,884.09,3536.36
73391,84650,5,148.62,743.1
73391,79166,4,448.06,1792.24
96553,2743,1,590.52,590.52
96553,14539,5,689.69,3448.45
26834,48992,5,482.35,2411.75
26834,88570,2,877.73,1755.46
26834,85302,4,148.52,594.08
26834,15522,5,276.76,1383.8
88038,43812,5,818.24,4091.2
96909,95341,3,472.25,1416.75
96909,74822,2,884.09,1768.18
96909,88912,4,303.64,1214.56
96909,48757,4,37.0,148.0
28881,50525,1,277.3,277.3
28881,73019,4,425.43,1701.72
23405,89630,2,952.52,1905.04
23405,74822,3,884.09,2652.27
23405,16063,5,101.37,506.85
23405,65014,1,590.74,590.74
23405,4682,1,247.15,247.15
17497,23023,4,210.07,840.28
17497,14539,3,689.69,2069.07
17497,44839,5,731.08,3655.4
17497,67082,4,142.75,571.0
17497,73564,5,870.82,4354.1
36604,52143,5,795.87,3979.35
36604,16927,4,948.45,3793.8
36604,14575,1,122.21,122.21
36604,38902,2,610.92,1221.84
36604,75767,1,579.49,579.49
35230,30584,3,326.01,978.03
35230,82670,4,231.32,925.28
35230,2743,3,590.52,1771.56
35230,63030,5,718.94,3594.7
53608,6272,2,446.76,893.52
40458,14934,5,463.51,2317.55
40458,73564,2,870.82,1741.64
40458,16927,5,948.45,4742.25
40458,43812,5,818.24,4091.2
10763,15522,4,276.76,1107.04
10763,14539,3,689.69,2069.07
10763,6272,2,446.76,893.52
10763,22906,2,480.13,960.26
50390,749,4,113.32,453.28
50390,81490,1,666.71,666.71
50390,16927,1,948.45,948.45
7168,65014,2,590.74,1181.48
7168,32073,2,69.44,138.88
7168,23023,4,210.07,840.28
7168,749,3,113.32,339.96
7168,35261,1,897.23,897.23
57862,73564,1,870.82,870.82
57862,13537,2,346.79,693.58
41681,14575,3,122.21,366.63
41681,88363,4,706.47,2825.88
41681,8030,2,166.83,333.66
19344,88363,1,706.47,706.47
19344,54597,4,528.11,2112.44
19344,48757,4,37.0,148.0
19344,50525,5,277.3,1386.5
19344,65545,1,982.4,982.4
28982,18058,5,897.36,4486.8
28982,31846,2,926.94,1853.88
28982,32962,4,871.8,3487.2
28982,1358,4,564.38,2257.52
45586,66238,5,504.51,2522.55
45586,84121,1,716.26,716.26
45586,31814,1,851.91,851.91
45586,31846,1,926.94,926.94
37428,749,2,113.32,226.64
37428,4682,3,247.15,741.45
37428,82266,2,487.49,974.98
61327,96902,4,579.84,2319.36
61327,13747,1,105.41,105.41
61327,64963,2,92.47,184.94
61327,81826,4,724.8,2899.2
61327,82670,4,231.32,925.28
92332,66286,4,170.54,682.16
92332,16063,4,101.37,405.48
92332,38902,5,610.92,3054.6
92332,84121,2,716.26,1432.52
38652,32962,5,871.8,4359.0
38652,84121,4,716.26,2865.04
92674,3720,1,583.8,583.8
92674,73019,3,425.43,1276.29
92674,80596,5,445.54,2227.7
92674,29418,3,413.42,1240.26
92674,22890,5,91.17,455.85
61967,53072,2,796.83,1593.66
61967,69918,5,143.07,715.35
61967,60060,5,122.67,613.35
13293,97841,3,15.19,45.57
13293,82670,5,231.32,1156.6
13293,81140,4,489.7,1958.8
13293,66286,3,170.54,511.62
18164,81826,4,724.8,2899.2
50460,45676,5,489.95,2449.75
50460,97298,5,309.08,1545.4
50460,41839,4,28.06,112.24
50460,749,2,113.32,226.64
50460,27620,3,465.29,1395.87
98546,14575,2,122.21,244.42
98546,6272,5,446.76,2233.8
50571,87279,3,320.39,961.17
50571,38902,3,610.92,1832.76
50571,16063,2,101.37,202.74
22475,14575,2,122.21,244.42
22475,45676,5,489.95,2449.75
22475,85302,1,148.52,148.52
22475,48992,5,482.35,2411.75
22475,29297,3,375.89,1127.67
60014,80882,3,625.02,1875.06
60014,41839,4,28.06,112.24
49899,14539,1,689.69,689.69
49899,749,1,113.32,113.32
49899,14575,2,122.21,244.42
49899,32962,1,871.8,871.8
38000,30584,4,326.01,1304.04
38000,52143,2,795.87,1591.74
38000,54069,2,809.7,1619.4
21303,86094,2,444.58,889.16
21303,73306,5,334.59,1672.95
21303,56844,4,712.49,2849.96
21303,97841,5,15.19,75.95
21303,69918,3,143.07,429.21
54018,45659,2,471.76,943.52
54018,88912,5,303.64,1518.2
54018,21711,5,450.36,2251.8
54018,32962,5,871.8,4359.0
23109,65014,3,590.74,1772.22
23109,88570,2,877.73,1755.46
23109,62047,1,896.02,896.02
23109,31846,1,926.94,926.94
23109,30413,4,117.29,469.16
3554,48757,5,37.0,185.0
99979,15522,2,276.76,553.52
99979,1358,5,564.38,2821.9
99979,8421,3,821.52,2464.56
99979,88912,5,303.64,1518.2
99979,74920,2,697.56,1395.12
56655,73306,2,334.59,669.18
56655,1358,3,564.38,1693.14
56655,32104,5,866.11,4330.55
56655,80596,1,445.54,445.54
48582,88363,1,706.47,706.47
48582,75767,3,579.49,1738.47
48582,30413,3,117.29,351.87
15316,14575,4,122.21,488.84
15316,79759,2,553.92,1107.84
86290,32962,5,871.8,4359.0
86290,6272,3,446.76,1340.28
86290,36815,1,214.84,214.84
86290,1358,4,564.38,2257.52
34614,95341,5,472.25,2361.25
34614,18058,2,897.36,1794.72
34614,2743,4,590.52,2362.08
34614,14575,5,122.21,611.05
34614,32104,2,866.11,1732.22
20222,81826,1,724.8,724.8
20222,80882,1,625.02,625.02
65156,14575,3,122.21,366.63
65156,16927,2,948.45,1896.9
65156,65831,5,822.4,4112.0
65156,29418,2,413.42,826.84
67362,82266,1,487.49,487.49
24853,56844,4,712.49,2849.96
24853,73306,4,334.59,1338.36
24853,32104,4,866.11,3464.44
46023,64963,5,92.47,462.35
46023,32104,2,866.11,1732.22
96987,80882,1,625.02,625.02
96987,29418,1,413.42,413.42
96987,48992,1,482.35,482.35
96987,14539,3,689.69,2069.07
7206,80882,3,625.02,1875.06
2069,56844,5,712.49,3562.45
2069,97298,4,309.08,1236.32
34631,74920,4,697.56,2790.24
34631,95341,1,472.25,472.25
34631,82670,2,231.32,462.64
53873,73019,2,425.43,850.86
53873,97841,5,15.19,75.95
53873,88570,2,877.73,1755.46
53873,58992,5,606.7,3033.5
53873,65545,3,982.4,2947.2
44156,44839,4,731.08,2924.32
44156,69918,5,143.07,715.35
44156,63030,4,718.94,2875.76
2158,16003,5,901.64,4508.2
30985,70755,5,738.72,3693.6
30985,73019,1,425.43,425.43
30985,89630,2,952.52,1905.04
30985,82670,4,231.32,925.28
29323,65831,1,822.4,822.4
29323,70755,1,738.72,738.72
29323,6574,5,254.26,1271.3
61661,82802,4,976.29,3905.16
61661,35261,5,897.23,4486.15
61661,32073,3,69.44,208.32
61661,73306,4,334.59,1338.36
61661,23060,3,711.88,2135.64
14380,23023,5,210.07,1050.35
14380,31846,4,926.94,3707.76
14380,47287,3,312.45,937.35
14380,29418,2,413.42,826.84
14380,30584,4,326.01,1304.04
49336,30413,3,117.29,351.87
49336,48992,1,482.35,482.35
49336,3720,2,583.8,1167.6
49336,54069,1,809.7,809.7
49336,22240,5,829.82,4149.1
47041,75767,3,579.49,1738.47
47041,73306,3,334.59,1003.77
47041,56844,3,712.49,2137.47
47041,38902,2,610.92,1221.84
81951,22906,5,480.13,2400.65
81951,79759,2,553.92,1107.84
81951,9116,4,616.71,2466.84
3545,75767,4,579.49,2317.96
3545,88363,3,706.47,2119.41
13859,45676,3,489.95,1469.85
13859,84650,5,148.62,743.1
13859,84121,5,716.26,3581.3
13859,73306,4,334.59,1338.36
13859,13537,3,346.79,1040.37
14731,86094,5,444.58,2222.9
84943,79759,4,553.92,2215.68
84943,87279,4,320.39,1281.56
84943,73306,1,334.59,334.59
56066,15522,5,276.76,1383.8
56066,16927,3,948.45,2845.35
56066,48992,2,482.35,964.7
56066,80882,1,625.02,625.02
56066,58992,2,606.7,1213.4
914,23060,5,711.88,3559.4
914,44839,2,731.08,1462.16
914,82266,1,487.49,487.49
914,41839,4,28.06,112.24
914,64963,5,92.47,462.35
83692,73019,3,425.43,1276.29
83692,16063,4,101.37,405.48
21511,58992,2,606.7,1213.4
21511,88363,1,706.47,706.47
35520,43812,5,818.24,4091.2
35520,80596,4,445.54,1782.16
6831,45676,2,489.95,979.9
6831,18058,3,897.36,2692.08
6831,81490,5,666.71,3333.55
6831,47287,4,312.45,1249.8
4512,96902,5,579.84,2899.2
4512,97298,4,309.08,1236.32
87488,82802,2,976.29,1952.58
87488,82670,1,231.32,231.32
13621,3720,4,583.8,2335.2
13621,87279,4,320.39,1281.56
13621,6272,5,446.76,2233.8
10884,31814,2,851.91,1703.82
10884,25165,3,934.04,2802.12
10884,73306,5,334.59,1672.95
5798,14934,2,463.51,927.02
5798,73306,5,334.59,1672.95
5798,31846,3,926.94,2780.82
71246,2743,2,590.52,1181.04
71246,95341,5,472.25,2361.25
36422,35261,4,897.23,3588.92
78920,18058,2,897.36,1794.72
78920,44839,1,731.08,731.08
78920,81490,5,666.71,3333.55
78920,58992,3,606.7,1820.1
70276,3720,5,583.8,2919.0
70276,32962,4,871.8,3487.2
39752,29297,4,375.89,1503.56
60325,74920,3,697.56,2092.68
60325,53072,1,796.83,796.83
60325,13747,5,105.41,527.05
34756,97841,5,15.19,75.95
34756,74920,3,697.56,2092.68
51630,81826,2,724.8,1449.6
51630,80596,5,445.54,2227.7
81392,74920,1,697.56,697.56
81392,86094,3,444.58,1333.74
81392,48992,1,482.35,482.35
81392,35261,4,897.23,3588.92
3343,16003,5,901.64,4508.2
3343,65545,5,982.4,4912.0
87629,25725,5,799.78,3998.9
87629,36815,3,214.84,644.52
2815,44839,5,731.08,3655.4
20219,3720,4,583.8,2335.2
20219,54597,2,528.11,1056.22
20219,87279,2,320.39,640.78
20219,70755,5,738.72,3693.6
20219,54069,4,809.7,3238.8
3926,73306,4,334.59,1338.36
3926,25725,4,799.78,3199.12
95081,16927,5,948.45,4742.25
95081,27620,1,465.29,465.29
95081,75767,1,579.49,579.49
95081,32104,4,866.11,3464.44
51624,16063,2,101.37,202.74
51624,44839,2,731.08,1462.16
51624,25165,3,934.04,2802.12
67153,16063,2,101.37,202.74
67153,73306,3,334.59,1003.77
36700,73564,1,870.82,870.82
65516,16063,2,101.37,202.74
65516,84121,4,716.26,2865.04
65516,54069,3,809.7,2429.1
65516,60060,5,122.67,613.35
65516,79166,2,448.06,896.12
